[BS    0.012] RECOMPUTE push=+0.000 h=25.000 faces=10 tris=308 occt=10.6ms (build 4.7, tess 5.9) mesh=0.7ms
[BS    0.013] SESSIONE PRONTA. OCP occ_model Blender 5.2.2 LTS
[BS    0.018] START    : applied push=+0.000 h=25.000 | proxy push=+0.000 GN h=25.000 | mesh vol=24454.7 expected=24458.2 | mesh↔params OK | controls↔params OK
01:04.094  blend            | Writing user preferences: "E:\blender-5.2.2-windows-x64\portable\config\userpref.blend" 
01:04.110  operator         | Preferences saved
[BS   85.635] PICK poly=47 → brep_face_id=1 (GeomAbs_Plane) at (28.76, 19.03, 20.0)
[BS   87.440] PICK poly=143 → brep_face_id=6 (GeomAbs_Plane) at (40.0, 16.04, 11.36)
[BS   88.488] PICK poly=141 → brep_face_id=5 (GeomAbs_Plane) at (27.16, 0.0, 9.97)
[BS   96.168] PICK poly=303 → brep_face_id=9 (GeomAbs_Plane) at (21.16, 17.44, 25.0)
[BS   96.641] PICK poly=307 → brep_face_id=9 (GeomAbs_Plane) at (22.13, 15.39, 25.0)
[BS   97.957] PICK poly=82 → brep_face_id=3 (GeomAbs_Plane) at (22.22, 30.0, 17.6)
[BS   98.399] PICK poly=82 → brep_face_id=3 (GeomAbs_Plane) at (23.38, 30.0, 11.77)
[BS   98.680] PICK poly=81 → brep_face_id=3 (GeomAbs_Plane) at (27.1, 30.0, 8.06)
[BS   99.802] PICK poly=1 → brep_face_id=0 (GeomAbs_Plane) at (0.0, 12.92, 18.39)
[BS  102.324] PICK nessun hit su BS_Solid
[BS  103.508] PICK nessun hit su BS_Solid
[BS  104.241] PICK nessun hit su BS_Solid
[BS  104.681] PICK nessun hit su BS_Solid
[BS  106.237] PICK nessun hit su BS_Solid
[BS  107.066] PICK poly=14 → brep_face_id=1 (GeomAbs_Plane) at (10.92, 6.14, 20.0)
[BS  108.006] PICK poly=141 → brep_face_id=5 (GeomAbs_Plane) at (23.06, 0.0, 12.61)
[BS  120.237] PICK poly=140 → brep_face_id=5 (GeomAbs_Plane) at (6.14, -0.0, 10.36)
[BS  120.628] PICK poly=140 → brep_face_id=5 (GeomAbs_Plane) at (24.42, 0.0, 6.39)
[BS  127.592] PICK poly=140 → brep_face_id=5 (GeomAbs_Plane) at (14.21, 0.0, 8.13)
[BS  151.721] PICK poly=141 → brep_face_id=5 (GeomAbs_Plane) at (26.12, -0.0, 9.86)
[BS  170.620] CHANGE da proxy: push +0.000→+5.000, h 25.000→25.000
[BS  170.632] RECOMPUTE push=+5.000 h=25.000 faces=8 tris=80 occt=11.4ms (build 9.5, tess 1.9) mesh=0.2ms
[BS  188.086] CHANGE da proxy: push +5.000→+4.946, h 25.000→25.000
[BS  188.097] RECOMPUTE push=+4.946 h=25.000 faces=10 tris=248 occt=11.2ms (build 8.8, tess 2.4) mesh=0.3ms
[BS  188.108] CHANGE da proxy: push +4.946→+4.783, h 25.000→25.000
[BS  188.119] RECOMPUTE push=+4.783 h=25.000 faces=10 tris=248 occt=10.2ms (build 8.4, tess 1.9) mesh=0.2ms
[BS  188.122] CHANGE da proxy: push +4.783→+4.729, h 25.000→25.000
[BS  188.133] RECOMPUTE push=+4.729 h=25.000 faces=10 tris=248 occt=10.3ms (build 8.5, tess 1.8) mesh=0.2ms
[BS  188.136] CHANGE da proxy: push +4.729→+4.621, h 25.000→25.000
[BS  188.146] RECOMPUTE push=+4.621 h=25.000 faces=10 tris=248 occt=10.0ms (build 8.2, tess 1.7) mesh=0.2ms
[BS  188.150] CHANGE da proxy: push +4.621→+4.566, h 25.000→25.000
[BS  188.160] RECOMPUTE push=+4.566 h=25.000 faces=10 tris=248 occt=10.2ms (build 8.4, tess 1.7) mesh=0.2ms
[BS  188.163] CHANGE da proxy: push +4.566→+4.403, h 25.000→25.000
[BS  188.174] RECOMPUTE push=+4.403 h=25.000 faces=10 tris=248 occt=10.3ms (build 8.6, tess 1.7) mesh=0.2ms
[BS  188.177] CHANGE da proxy: push +4.403→+4.349, h 25.000→25.000
[BS  188.187] RECOMPUTE push=+4.349 h=25.000 faces=10 tris=248 occt=10.0ms (build 8.3, tess 1.7) mesh=0.2ms
[BS  188.193] CHANGE da proxy: push +4.349→+4.131, h 25.000→25.000
[BS  188.203] RECOMPUTE push=+4.131 h=25.000 faces=10 tris=248 occt=10.0ms (build 8.3, tess 1.7) mesh=0.2ms
[BS  188.207] CHANGE da proxy: push +4.131→+4.022, h 25.000→25.000
[BS  188.217] RECOMPUTE push=+4.022 h=25.000 faces=10 tris=248 occt=10.1ms (build 8.3, tess 1.7) mesh=0.2ms
[BS  188.220] CHANGE da proxy: push +4.022→+3.913, h 25.000→25.000
[BS  188.231] RECOMPUTE push=+3.913 h=25.000 faces=10 tris=248 occt=10.1ms (build 8.2, tess 1.9) mesh=0.2ms
[BS  188.241] CHANGE da proxy: push +3.913→+3.749, h 25.000→25.000
[BS  188.251] RECOMPUTE push=+3.749 h=25.000 faces=10 tris=248 occt=10.0ms (build 8.2, tess 1.8) mesh=0.2ms
[BS  188.255] CHANGE da proxy: push +3.749→+3.695, h 25.000→25.000
[BS  188.266] RECOMPUTE push=+3.695 h=25.000 faces=10 tris=248 occt=10.3ms (build 8.4, tess 1.9) mesh=0.2ms
[BS  188.271] CHANGE da proxy: push +3.695→+3.530, h 25.000→25.000
[BS  188.282] RECOMPUTE push=+3.530 h=25.000 faces=10 tris=248 occt=10.1ms (build 8.4, tess 1.8) mesh=0.2ms
[BS  188.286] CHANGE da proxy: push +3.530→+3.421, h 25.000→25.000
[BS  188.297] RECOMPUTE push=+3.421 h=25.000 faces=10 tris=248 occt=10.1ms (build 8.3, tess 1.7) mesh=0.2ms
[BS  188.301] CHANGE da proxy: push +3.421→+3.311, h 25.000→25.000
[BS  188.311] RECOMPUTE push=+3.311 h=25.000 faces=10 tris=248 occt=10.2ms (build 8.3, tess 1.8) mesh=0.2ms
[BS  188.315] CHANGE da proxy: push +3.311→+3.036, h 25.000→25.000
[BS  188.325] RECOMPUTE push=+3.036 h=25.000 faces=10 tris=248 occt=10.1ms (build 8.2, tess 1.8) mesh=0.2ms
[BS  188.328] CHANGE da proxy: push +3.036→+2.763, h 25.000→25.000
[BS  188.338] RECOMPUTE push=+2.763 h=25.000 faces=10 tris=248 occt=10.0ms (build 8.3, tess 1.7) mesh=0.2ms
[BS  188.341] CHANGE da proxy: push +2.763→+2.597, h 25.000→25.000
[BS  188.352] RECOMPUTE push=+2.597 h=25.000 faces=10 tris=248 occt=10.2ms (build 8.3, tess 1.8) mesh=0.2ms
[BS  188.355] CHANGE da proxy: push +2.597→+2.376, h 25.000→25.000
[BS  188.365] RECOMPUTE push=+2.376 h=25.000 faces=10 tris=248 occt=10.1ms (build 8.3, tess 1.8) mesh=0.2ms
[BS  188.368] CHANGE da proxy: push +2.376→+2.101, h 25.000→25.000
[BS  188.379] RECOMPUTE push=+2.101 h=25.000 faces=10 tris=248 occt=10.1ms (build 8.4, tess 1.8) mesh=0.2ms
[BS  188.382] CHANGE da proxy: push +2.101→+1.881, h 25.000→25.000
[BS  188.392] RECOMPUTE push=+1.881 h=25.000 faces=10 tris=248 occt=10.0ms (build 8.3, tess 1.7) mesh=0.2ms
[BS  188.395] CHANGE da proxy: push +1.881→+1.659, h 25.000→25.000
[BS  188.406] RECOMPUTE push=+1.659 h=25.000 faces=10 tris=248 occt=10.1ms (build 8.3, tess 1.8) mesh=0.2ms
[BS  188.409] CHANGE da proxy: push +1.659→+1.383, h 25.000→25.000
[BS  188.419] RECOMPUTE push=+1.383 h=25.000 faces=10 tris=248 occt=10.1ms (build 8.2, tess 1.8) mesh=0.2ms
[BS  188.422] CHANGE da proxy: push +1.383→+1.271, h 25.000→25.000
[BS  188.432] RECOMPUTE push=+1.271 h=25.000 faces=10 tris=248 occt=10.1ms (build 8.4, tess 1.7) mesh=0.2ms
[BS  188.435] CHANGE da proxy: push +1.271→+0.826, h 25.000→25.000
[BS  188.446] RECOMPUTE push=+0.826 h=25.000 faces=10 tris=248 occt=10.1ms (build 8.3, tess 1.8) mesh=0.2ms
[BS  188.449] CHANGE da proxy: push +0.826→+0.548, h 25.000→25.000
[BS  188.459] RECOMPUTE push=+0.548 h=25.000 faces=10 tris=248 occt=10.0ms (build 8.3, tess 1.7) mesh=0.2ms
[BS  188.462] CHANGE da proxy: push +0.548→+0.214, h 25.000→25.000
[BS  188.472] RECOMPUTE push=+0.214 h=25.000 faces=10 tris=248 occt=10.1ms (build 8.3, tess 1.8) mesh=0.2ms
[BS  188.476] CHANGE da proxy: push +0.214→-0.066, h 25.000→25.000
[BS  188.487] RECOMPUTE push=-0.066 h=25.000 faces=9 tris=224 occt=10.7ms (build 9.1, tess 1.6) mesh=0.2ms
[BS  188.490] CHANGE da proxy: push -0.066→-0.178, h 25.000→25.000
[BS  188.500] RECOMPUTE push=-0.178 h=25.000 faces=9 tris=224 occt=10.7ms (build 9.2, tess 1.5) mesh=0.2ms
[BS  188.503] CHANGE da proxy: push -0.178→-0.402, h 25.000→25.000
[BS  188.514] RECOMPUTE push=-0.402 h=25.000 faces=9 tris=224 occt=10.8ms (build 9.3, tess 1.5) mesh=0.2ms
[BS  188.517] CHANGE da proxy: push -0.402→-0.684, h 25.000→25.000
[BS  188.528] RECOMPUTE push=-0.684 h=25.000 faces=9 tris=224 occt=10.7ms (build 9.2, tess 1.6) mesh=0.2ms
[BS  188.531] CHANGE da proxy: push -0.684→-0.908, h 25.000→25.000
[BS  188.542] RECOMPUTE push=-0.908 h=25.000 faces=9 tris=224 occt=10.7ms (build 9.2, tess 1.5) mesh=0.2ms
[BS  188.545] CHANGE da proxy: push -0.908→-1.247, h 25.000→25.000
[BS  188.556] RECOMPUTE push=-1.247 h=25.000 faces=9 tris=224 occt=10.8ms (build 9.2, tess 1.6) mesh=0.2ms
[BS  188.559] CHANGE da proxy: push -1.247→-1.471, h 25.000→25.000
[BS  188.570] RECOMPUTE push=-1.471 h=25.000 faces=9 tris=224 occt=10.5ms (build 9.0, tess 1.5) mesh=0.2ms
[BS  188.573] CHANGE da proxy: push -1.471→-1.814, h 25.000→25.000
[BS  188.584] RECOMPUTE push=-1.814 h=25.000 faces=9 tris=224 occt=10.6ms (build 9.1, tess 1.5) mesh=0.2ms
[BS  188.587] CHANGE da proxy: push -1.814→-2.039, h 25.000→25.000
[BS  188.598] RECOMPUTE push=-2.039 h=25.000 faces=9 tris=224 occt=10.8ms (build 9.2, tess 1.6) mesh=0.2ms
[BS  188.601] CHANGE da proxy: push -2.039→-2.380, h 25.000→25.000
[BS  188.612] RECOMPUTE push=-2.380 h=25.000 faces=9 tris=224 occt=10.7ms (build 9.1, tess 1.6) mesh=0.2ms
[BS  188.615] CHANGE da proxy: push -2.380→-2.552, h 25.000→25.000
[BS  188.626] RECOMPUTE push=-2.552 h=25.000 faces=9 tris=224 occt=10.6ms (build 9.1, tess 1.5) mesh=0.2ms
[BS  188.629] CHANGE da proxy: push -2.552→-3.010, h 25.000→25.000
[BS  188.640] RECOMPUTE push=-3.010 h=25.000 faces=9 tris=224 occt=10.7ms (build 9.2, tess 1.5) mesh=0.2ms
[BS  188.643] CHANGE da proxy: push -3.010→-3.468, h 25.000→25.000
[BS  188.654] RECOMPUTE push=-3.468 h=25.000 faces=9 tris=224 occt=10.6ms (build 9.1, tess 1.5) mesh=0.2ms
[BS  188.657] CHANGE da proxy: push -3.468→-3.874, h 25.000→25.000
[BS  188.668] RECOMPUTE push=-3.874 h=25.000 faces=9 tris=224 occt=10.8ms (build 9.2, tess 1.6) mesh=0.2ms
[BS  188.671] CHANGE da proxy: push -3.874→-4.332, h 25.000→25.000
[BS  188.682] RECOMPUTE push=-4.332 h=25.000 faces=9 tris=224 occt=10.8ms (build 9.3, tess 1.5) mesh=0.2ms
[BS  188.685] CHANGE da proxy: push -4.332→-4.565, h 25.000→25.000
[BS  188.696] RECOMPUTE push=-4.565 h=25.000 faces=9 tris=224 occt=10.8ms (build 9.2, tess 1.6) mesh=0.2ms
[BS  188.699] CHANGE da proxy: push -4.565→-4.795, h 25.000→25.000
[BS  188.710] RECOMPUTE push=-4.795 h=25.000 faces=9 tris=224 occt=10.7ms (build 9.2, tess 1.5) mesh=0.2ms
[BS  188.713] CHANGE da proxy: push -4.795→-5.263, h 25.000→25.000
[BS  188.724] RECOMPUTE push=-5.263 h=25.000 faces=9 tris=224 occt=10.7ms (build 9.2, tess 1.5) mesh=0.2ms
[BS  188.727] CHANGE da proxy: push -5.263→-5.671, h 25.000→25.000
[BS  188.738] RECOMPUTE push=-5.671 h=25.000 faces=9 tris=224 occt=10.7ms (build 9.2, tess 1.5) mesh=0.2ms
[BS  188.741] CHANGE da proxy: push -5.671→-6.020, h 25.000→25.000
[BS  188.752] RECOMPUTE push=-6.020 h=25.000 faces=9 tris=224 occt=10.7ms (build 9.2, tess 1.5) mesh=0.2ms
[BS  188.755] CHANGE da proxy: push -6.020→-6.311, h 25.000→25.000
[BS  188.766] RECOMPUTE push=-6.311 h=25.000 faces=9 tris=224 occt=10.7ms (build 9.1, tess 1.5) mesh=0.2ms
[BS  188.769] CHANGE da proxy: push -6.311→-6.426, h 25.000→25.000
[BS  188.780] RECOMPUTE push=-6.426 h=25.000 faces=9 tris=224 occt=10.6ms (build 9.1, tess 1.5) mesh=0.3ms
[BS  188.783] CHANGE da proxy: push -6.426→-6.722, h 25.000→25.000
[BS  188.794] RECOMPUTE push=-6.722 h=25.000 faces=9 tris=224 occt=11.0ms (build 9.4, tess 1.6) mesh=0.2ms
[BS  188.797] CHANGE da proxy: push -6.722→-6.836, h 25.000→25.000
[BS  188.809] RECOMPUTE push=-6.836 h=25.000 faces=9 tris=224 occt=11.4ms (build 9.8, tess 1.6) mesh=0.2ms
[BS  188.813] CHANGE da proxy: push -6.836→-7.371, h 25.000→25.000
[BS  188.824] RECOMPUTE push=-7.371 h=25.000 faces=9 tris=224 occt=10.6ms (build 9.1, tess 1.5) mesh=0.2ms
[BS  188.841] CHANGE da proxy: push -7.371→-7.670, h 25.000→25.000
[BS  188.853] RECOMPUTE push=-7.670 h=25.000 faces=9 tris=224 occt=11.1ms (build 9.4, tess 1.7) mesh=0.2ms
[BS  188.856] CHANGE da proxy: push -7.670→-7.725, h 25.000→25.000
[BS  188.867] RECOMPUTE push=-7.725 h=25.000 faces=9 tris=224 occt=10.7ms (build 9.2, tess 1.6) mesh=0.2ms
[BS  188.870] CHANGE da proxy: push -7.725→-8.139, h 25.000→25.000
[BS  188.881] RECOMPUTE push=-8.139 h=25.000 faces=9 tris=224 occt=10.9ms (build 9.3, tess 1.6) mesh=0.2ms
[BS  188.884] CHANGE da proxy: push -8.139→-8.259, h 25.000→25.000
[BS  188.895] RECOMPUTE push=-8.259 h=25.000 faces=9 tris=224 occt=10.6ms (build 9.1, tess 1.5) mesh=0.2ms
[BS  188.897] CHANGE da proxy: push -8.259→-8.680, h 25.000→25.000
[BS  188.909] RECOMPUTE push=-8.680 h=25.000 faces=9 tris=224 occt=10.8ms (build 9.1, tess 1.7) mesh=0.2ms
[BS  188.912] CHANGE da proxy: push -8.680→-8.981, h 25.000→25.000
[BS  188.923] RECOMPUTE push=-8.981 h=25.000 faces=9 tris=224 occt=11.1ms (build 9.4, tess 1.7) mesh=0.2ms
[BS  188.927] CHANGE da proxy: push -8.981→-9.339, h 25.000→25.000
[BS  188.938] RECOMPUTE push=-9.339 h=25.000 faces=9 tris=224 occt=10.6ms (build 9.1, tess 1.5) mesh=0.2ms
[BS  188.941] CHANGE da proxy: push -9.339→-9.703, h 25.000→25.000
[BS  188.952] RECOMPUTE push=-9.703 h=25.000 faces=9 tris=224 occt=10.7ms (build 9.1, tess 1.6) mesh=0.2ms
[BS  188.955] CHANGE da proxy: push -9.703→-9.824, h 25.000→25.000
[BS  188.966] RECOMPUTE push=-9.824 h=25.000 faces=9 tris=224 occt=11.0ms (build 9.4, tess 1.7) mesh=0.2ms
[BS  188.969] CHANGE da proxy: push -9.824→-10.006, h 25.000→25.000
[BS  188.980] RECOMPUTE push=-10.006 h=25.000 faces=9 tris=224 occt=10.8ms (build 9.2, tess 1.6) mesh=0.2ms
[BS  188.983] CHANGE da proxy: push -10.006→-10.606, h 25.000→25.000
[BS  188.994] RECOMPUTE push=-10.606 h=25.000 faces=9 tris=224 occt=10.7ms (build 9.1, tess 1.5) mesh=0.2ms
[BS  188.997] CHANGE da proxy: push -10.606→-10.911, h 25.000→25.000
[BS  189.008] RECOMPUTE push=-10.911 h=25.000 faces=9 tris=224 occt=10.8ms (build 9.1, tess 1.7) mesh=0.2ms
[BS  189.012] CHANGE da proxy: push -10.911→-11.274, h 25.000→25.000
[BS  189.023] RECOMPUTE push=-11.274 h=25.000 faces=9 tris=224 occt=10.8ms (build 9.2, tess 1.7) mesh=0.2ms
[BS  189.026] CHANGE da proxy: push -11.274→-11.699, h 25.000→25.000
[BS  189.037] RECOMPUTE push=-11.699 h=25.000 faces=9 tris=224 occt=10.8ms (build 9.2, tess 1.6) mesh=0.2ms
[BS  189.040] CHANGE da proxy: push -11.699→-11.884, h 25.000→25.000
[BS  189.050] RECOMPUTE push=-11.884 h=25.000 faces=9 tris=224 occt=10.6ms (build 9.0, tess 1.6) mesh=0.2ms
[BS  189.054] CHANGE da proxy: push -11.884→-12.310, h 25.000→25.000
[BS  189.065] RECOMPUTE push=-12.310 h=25.000 faces=9 tris=224 occt=10.8ms (build 9.2, tess 1.6) mesh=0.2ms
[BS  189.068] CHANGE da proxy: push -12.310→-12.496, h 25.000→25.000
[BS  189.079] RECOMPUTE push=-12.496 h=25.000 faces=9 tris=224 occt=10.7ms (build 9.1, tess 1.6) mesh=0.2ms
[BS  189.082] CHANGE da proxy: push -12.496→-12.801, h 25.000→25.000
[BS  189.093] RECOMPUTE push=-12.801 h=25.000 faces=9 tris=224 occt=10.8ms (build 9.2, tess 1.6) mesh=0.2ms
[BS  189.096] CHANGE da proxy: push -12.801→-13.174, h 25.000→25.000
[BS  189.107] RECOMPUTE push=-13.174 h=25.000 faces=9 tris=224 occt=10.9ms (build 9.2, tess 1.6) mesh=0.2ms
[BS  189.111] CHANGE da proxy: push -13.174→-13.298, h 25.000→25.000
[BS  189.122] RECOMPUTE push=-13.298 h=25.000 faces=9 tris=224 occt=11.5ms (build 9.9, tess 1.6) mesh=0.2ms
[BS  189.126] CHANGE da proxy: push -13.298→-13.417, h 25.000→25.000
[BS  189.137] RECOMPUTE push=-13.417 h=25.000 faces=9 tris=224 occt=10.9ms (build 9.3, tess 1.7) mesh=0.2ms
[BS  189.140] CHANGE da proxy: push -13.417→-13.848, h 25.000→25.000
[BS  189.152] RECOMPUTE push=-13.848 h=25.000 faces=9 tris=224 occt=11.1ms (build 9.4, tess 1.7) mesh=0.2ms
[BS  189.155] CHANGE da proxy: push -13.848→-13.974, h 25.000→25.000
[BS  189.166] RECOMPUTE push=-13.974 h=25.000 faces=9 tris=224 occt=10.7ms (build 9.2, tess 1.6) mesh=0.2ms
[BS  189.169] CHANGE da proxy: push -13.974→-14.224, h 25.000→25.000
[BS  189.180] RECOMPUTE push=-14.224 h=25.000 faces=9 tris=224 occt=11.0ms (build 9.3, tess 1.6) mesh=0.2ms
[BS  189.184] CHANGE da proxy: push -14.224→-14.344, h 25.000→25.000
[BS  189.195] RECOMPUTE push=-14.344 h=25.000 faces=9 tris=224 occt=10.9ms (build 9.2, tess 1.7) mesh=0.2ms
[BS  189.198] CHANGE da proxy: push -14.344→-14.532, h 25.000→25.000
[BS  189.209] RECOMPUTE push=-14.532 h=25.000 faces=9 tris=224 occt=10.9ms (build 9.3, tess 1.7) mesh=0.2ms
[BS  189.212] CHANGE da proxy: push -14.532→-14.589, h 25.000→25.000
[BS  189.223] RECOMPUTE push=-14.589 h=25.000 faces=9 tris=224 occt=10.8ms (build 9.3, tess 1.6) mesh=0.2ms
[BS  189.227] CHANGE da proxy: push -14.589→-14.715, h 25.000→25.000
[BS  189.237] RECOMPUTE push=-14.715 h=25.000 faces=9 tris=224 occt=10.7ms (build 9.1, tess 1.5) mesh=0.2ms
[BS  189.241] CHANGE da proxy: push -14.715→-14.841, h 25.000→25.000
[BS  189.252] RECOMPUTE push=-14.841 h=25.000 faces=9 tris=224 occt=10.8ms (build 9.2, tess 1.6) mesh=0.2ms
[BS  189.262] CHANGE da proxy: push -14.841→-14.904, h 25.000→25.000
[BS  189.273] RECOMPUTE push=-14.904 h=25.000 faces=9 tris=224 occt=10.9ms (build 9.3, tess 1.6) mesh=0.2ms
[BS  189.276] CHANGE da proxy: push -14.904→-15.030, h 25.000→25.000
[BS  189.287] RECOMPUTE push=-15.030 h=25.000 faces=9 tris=224 occt=10.6ms (build 9.0, tess 1.5) mesh=0.2ms
[BS  189.290] CHANGE da proxy: push -15.030→-15.093, h 25.000→25.000
[BS  189.301] RECOMPUTE push=-15.093 h=25.000 faces=9 tris=224 occt=10.7ms (build 9.1, tess 1.6) mesh=0.2ms
[BS  189.304] CHANGE da proxy: push -15.093→-15.150, h 25.000→25.000
[BS  189.315] RECOMPUTE push=-15.150 h=25.000 faces=9 tris=224 occt=10.8ms (build 9.1, tess 1.6) mesh=0.2ms
[BS  189.318] CHANGE da proxy: push -15.150→-15.276, h 25.000→25.000
[BS  189.329] RECOMPUTE push=-15.276 h=25.000 faces=9 tris=224 occt=10.7ms (build 9.1, tess 1.7) mesh=0.2ms
[BS  189.332] CHANGE da proxy: push -15.276→-15.340, h 25.000→25.000
[BS  189.343] RECOMPUTE push=-15.340 h=25.000 faces=9 tris=224 occt=10.9ms (build 9.2, tess 1.7) mesh=0.2ms
[BS  189.346] CHANGE da proxy: push -15.340→-15.403, h 25.000→25.000
[BS  189.357] RECOMPUTE push=-15.403 h=25.000 faces=9 tris=224 occt=10.8ms (build 9.2, tess 1.5) mesh=0.2ms
[BS  189.367] CHANGE da proxy: push -15.403→-15.466, h 25.000→25.000
[BS  189.378] RECOMPUTE push=-15.466 h=25.000 faces=9 tris=224 occt=10.6ms (build 9.1, tess 1.5) mesh=0.2ms
[BS  189.691] CHANGE da proxy: push -15.466→-15.530, h 25.000→25.000
[BS  189.703] RECOMPUTE push=-15.530 h=25.000 faces=9 tris=224 occt=11.1ms (build 9.3, tess 1.8) mesh=0.2ms
[BS  189.706] CHANGE da proxy: push -15.530→-15.593, h 25.000→25.000
[BS  189.718] RECOMPUTE push=-15.593 h=25.000 faces=9 tris=224 occt=11.6ms (build 9.9, tess 1.7) mesh=0.2ms
[BS  189.722] CHANGE da proxy: push -15.593→-15.720, h 25.000→25.000
[BS  189.733] RECOMPUTE push=-15.720 h=25.000 faces=9 tris=224 occt=11.1ms (build 9.4, tess 1.8) mesh=0.2ms
[BS  189.736] CHANGE da proxy: push -15.720→-15.967, h 25.000→25.000
[BS  189.748] RECOMPUTE push=-15.967 h=25.000 faces=9 tris=224 occt=11.0ms (build 9.5, tess 1.6) mesh=0.2ms
[BS  189.751] CHANGE da proxy: push -15.967→-16.285, h 25.000→25.000
[BS  189.762] RECOMPUTE push=-16.285 h=25.000 faces=9 tris=224 occt=10.8ms (build 9.2, tess 1.6) mesh=0.2ms
[BS  189.765] CHANGE da proxy: push -16.285→-16.534, h 25.000→25.000
[BS  189.776] RECOMPUTE push=-16.534 h=25.000 faces=9 tris=224 occt=10.7ms (build 9.2, tess 1.6) mesh=0.2ms
[BS  189.779] CHANGE da proxy: push -16.534→-16.598, h 25.000→25.000
[BS  189.790] RECOMPUTE push=-16.598 h=25.000 faces=9 tris=224 occt=11.0ms (build 9.3, tess 1.6) mesh=0.2ms
[BS  189.793] CHANGE da proxy: push -16.598→-16.917, h 25.000→25.000
[BS  189.804] RECOMPUTE push=-16.917 h=25.000 faces=9 tris=224 occt=10.6ms (build 9.2, tess 1.5) mesh=0.2ms
[BS  189.807] CHANGE da proxy: push -16.917→-17.102, h 25.000→25.000
[BS  189.818] RECOMPUTE push=-17.102 h=25.000 faces=9 tris=224 occt=10.7ms (build 9.2, tess 1.5) mesh=0.2ms
[BS  189.821] CHANGE da proxy: push -17.102→-17.359, h 25.000→25.000
[BS  189.832] RECOMPUTE push=-17.359 h=25.000 faces=9 tris=224 occt=10.7ms (build 9.1, tess 1.6) mesh=0.2ms
[BS  189.835] CHANGE da proxy: push -17.359→-17.616, h 25.000→25.000
[BS  189.846] RECOMPUTE push=-17.616 h=25.000 faces=9 tris=224 occt=10.6ms (build 9.0, tess 1.6) mesh=0.2ms
[BS  189.849] CHANGE da proxy: push -17.616→-17.738, h 25.000→25.000
[BS  189.860] RECOMPUTE push=-17.738 h=25.000 faces=9 tris=224 occt=10.7ms (build 9.1, tess 1.6) mesh=0.2ms
[BS  189.863] CHANGE da proxy: push -17.738→-17.867, h 25.000→25.000
[BS  189.874] RECOMPUTE push=-17.867 h=25.000 faces=9 tris=224 occt=10.7ms (build 9.2, tess 1.6) mesh=0.2ms
[BS  189.878] CHANGE da proxy: push -17.867→-17.996, h 25.000→25.000
[BS  189.889] RECOMPUTE push=-17.996 h=25.000 faces=9 tris=224 occt=10.6ms (build 9.0, tess 1.5) mesh=0.2ms
[BS  189.891] CHANGE da proxy: push -17.996→-18.060, h 25.000→25.000
[BS  189.902] RECOMPUTE push=-18.060 h=25.000 faces=9 tris=224 occt=10.5ms (build 9.1, tess 1.5) mesh=0.2ms
[BS  189.905] CHANGE da proxy: push -18.060→-18.189, h 25.000→25.000
[BS  189.916] RECOMPUTE push=-18.189 h=25.000 faces=9 tris=224 occt=10.8ms (build 9.2, tess 1.6) mesh=0.2ms
[BS  189.920] CHANGE da proxy: push -18.189→-18.319, h 25.000→25.000
[BS  189.931] RECOMPUTE push=-18.319 h=25.000 faces=9 tris=224 occt=10.9ms (build 9.2, tess 1.7) mesh=0.2ms
[BS  189.934] CHANGE da proxy: push -18.319→-18.448, h 25.000→25.000
[BS  189.945] RECOMPUTE push=-18.448 h=25.000 faces=9 tris=224 occt=10.7ms (build 9.1, tess 1.6) mesh=0.2ms
[BS  189.949] CHANGE da proxy: push -18.448→-18.578, h 25.000→25.000
[BS  189.959] RECOMPUTE push=-18.578 h=25.000 faces=9 tris=224 occt=10.6ms (build 9.0, tess 1.6) mesh=0.2ms
[BS  189.962] CHANGE da proxy: push -18.578→-18.700, h 25.000→25.000
[BS  189.973] RECOMPUTE push=-18.700 h=25.000 faces=9 tris=224 occt=10.8ms (build 9.1, tess 1.7) mesh=0.2ms
[BS  189.977] CHANGE da proxy: push -18.700→-18.765, h 25.000→25.000
[BS  189.987] RECOMPUTE push=-18.765 h=25.000 faces=9 tris=224 occt=10.5ms (build 8.9, tess 1.6) mesh=0.2ms
[BS  189.990] CHANGE da proxy: push -18.765→-18.960, h 25.000→25.000
[BS  190.001] RECOMPUTE push=-18.960 h=25.000 faces=9 tris=224 occt=10.6ms (build 9.0, tess 1.6) mesh=0.2ms
[BS  190.004] CHANGE da proxy: push -18.960→-19.025, h 25.000→25.000
[BS  190.015] RECOMPUTE push=-19.025 h=25.000 faces=9 tris=224 occt=10.6ms (build 9.0, tess 1.6) mesh=0.2ms
[BS  190.018] CHANGE da proxy: push -19.025→-19.155, h 25.000→25.000
[BS  190.029] RECOMPUTE push=-19.155 h=25.000 faces=9 tris=224 occt=10.8ms (build 9.2, tess 1.6) mesh=0.2ms
[BS  190.032] CHANGE da proxy: push -19.155→-19.212, h 25.000→25.000
[BS  190.043] RECOMPUTE push=-19.212 h=25.000 faces=9 tris=224 occt=10.7ms (build 9.1, tess 1.6) mesh=0.2ms
[BS  190.046] CHANGE da proxy: push -19.212→-19.343, h 25.000→25.000
[BS  190.057] RECOMPUTE push=-19.343 h=25.000 faces=9 tris=224 occt=10.7ms (build 9.1, tess 1.6) mesh=0.2ms
[BS  190.060] CHANGE da proxy: push -19.343→-19.596, h 25.000→25.000
[BS  190.071] RECOMPUTE push=-19.596 h=25.000 faces=9 tris=224 occt=10.7ms (build 9.1, tess 1.6) mesh=0.2ms
[BS  190.074] CHANGE da proxy: push -19.596→-19.661, h 25.000→25.000
[BS  190.085] RECOMPUTE push=-19.661 h=25.000 faces=9 tris=224 occt=10.8ms (build 9.1, tess 1.7) mesh=0.2ms
[BS  190.089] CHANGE da proxy: push -19.661→-19.857, h 25.000→25.000
[BS  190.099] RECOMPUTE push=-19.857 h=25.000 faces=9 tris=224 occt=10.5ms (build 9.0, tess 1.5) mesh=0.2ms
[BS  190.102] CHANGE da proxy: push -19.857→-19.915, h 25.000→25.000
[BS  190.113] RECOMPUTE push=-19.915 h=25.000 faces=9 tris=224 occt=10.5ms (build 9.0, tess 1.5) mesh=0.2ms
[BS  190.116] CHANGE da proxy: push -19.915→-19.980, h 25.000→25.000
[BS  190.127] RECOMPUTE push=-19.980 h=25.000 faces=9 tris=224 occt=10.5ms (build 9.0, tess 1.5) mesh=0.2ms
[BS  190.131] CHANGE da proxy: push -19.980→-20.242, h 25.000→25.000
[BS  190.141] RECOMPUTE push=-20.242 h=25.000 faces=3 tris=164 occt=10.3ms (build 9.2, tess 1.0) mesh=0.2ms
[BS  190.144] CHANGE da proxy: push -20.242→-20.365, h 25.000→25.000
[BS  190.155] RECOMPUTE push=-20.365 h=25.000 faces=3 tris=164 occt=10.6ms (build 9.5, tess 1.1) mesh=0.2ms
[BS  190.158] CHANGE da proxy: push -20.365→-20.497, h 25.000→25.000
[BS  190.169] RECOMPUTE push=-20.497 h=25.000 faces=3 tris=164 occt=10.3ms (build 9.3, tess 1.0) mesh=0.3ms
[BS  190.172] CHANGE da proxy: push -20.497→-20.563, h 25.000→25.000
[BS  190.182] RECOMPUTE push=-20.563 h=25.000 faces=3 tris=164 occt=10.2ms (build 9.1, tess 1.0) mesh=0.2ms
[BS  190.186] CHANGE da proxy: push -20.563→-20.686, h 25.000→25.000
[BS  190.196] RECOMPUTE push=-20.686 h=25.000 faces=3 tris=164 occt=10.2ms (build 9.2, tess 1.1) mesh=0.2ms
[BS  190.199] CHANGE da proxy: push -20.686→-20.752, h 25.000→25.000
[BS  190.209] RECOMPUTE push=-20.752 h=25.000 faces=3 tris=164 occt=10.1ms (build 9.1, tess 1.0) mesh=0.2ms
[BS  190.212] CHANGE da proxy: push -20.752→-20.818, h 25.000→25.000
[BS  190.223] RECOMPUTE push=-20.818 h=25.000 faces=3 tris=164 occt=10.3ms (build 9.2, tess 1.0) mesh=0.2ms
[BS  190.226] CHANGE da proxy: push -20.818→-20.949, h 25.000→25.000
[BS  190.236] RECOMPUTE push=-20.949 h=25.000 faces=3 tris=164 occt=10.2ms (build 9.1, tess 1.0) mesh=0.2ms
[BS  190.239] CHANGE da proxy: push -20.949→-21.073, h 25.000→25.000
[BS  190.250] RECOMPUTE push=-21.073 h=25.000 faces=3 tris=164 occt=10.2ms (build 9.2, tess 1.1) mesh=0.2ms
[BS  190.253] CHANGE da proxy: push -21.073→-21.139, h 25.000→25.000
[BS  190.263] RECOMPUTE push=-21.139 h=25.000 faces=3 tris=164 occt=10.1ms (build 9.1, tess 1.0) mesh=0.2ms
[BS  190.266] CHANGE da proxy: push -21.139→-21.205, h 25.000→25.000
[BS  190.277] RECOMPUTE push=-21.205 h=25.000 faces=3 tris=164 occt=10.2ms (build 9.2, tess 1.0) mesh=0.2ms
[BS  190.280] CHANGE da proxy: push -21.205→-21.271, h 25.000→25.000
[BS  190.290] RECOMPUTE push=-21.271 h=25.000 faces=3 tris=164 occt=10.2ms (build 9.2, tess 1.0) mesh=0.2ms
[BS  190.293] CHANGE da proxy: push -21.271→-21.337, h 25.000→25.000
[BS  190.303] RECOMPUTE push=-21.337 h=25.000 faces=3 tris=164 occt=10.1ms (build 9.1, tess 1.0) mesh=0.2ms
[BS  190.306] CHANGE da proxy: push -21.337→-21.469, h 25.000→25.000
[BS  190.317] RECOMPUTE push=-21.469 h=25.000 faces=3 tris=164 occt=10.2ms (build 9.2, tess 1.1) mesh=0.2ms
[BS  190.327] CHANGE da proxy: push -21.469→-21.527, h 25.000→25.000
[BS  190.338] RECOMPUTE push=-21.527 h=25.000 faces=3 tris=164 occt=10.3ms (build 9.3, tess 1.0) mesh=0.2ms
[BS  190.340] CHANGE da proxy: push -21.527→-21.593, h 25.000→25.000
[BS  190.351] RECOMPUTE push=-21.593 h=25.000 faces=3 tris=164 occt=10.1ms (build 9.1, tess 1.0) mesh=0.3ms
[BS  190.410] CHANGE da proxy: push -21.593→-21.519, h 25.000→25.000
[BS  190.421] RECOMPUTE push=-21.519 h=25.000 faces=3 tris=164 occt=10.9ms (build 9.9, tess 1.0) mesh=0.2ms
[BS  190.424] CHANGE da proxy: push -21.519→-21.453, h 25.000→25.000
[BS  190.435] RECOMPUTE push=-21.453 h=25.000 faces=3 tris=164 occt=10.5ms (build 9.4, tess 1.0) mesh=0.2ms
[BS  190.438] CHANGE da proxy: push -21.453→-21.246, h 25.000→25.000
[BS  190.449] RECOMPUTE push=-21.246 h=25.000 faces=3 tris=164 occt=10.5ms (build 9.5, tess 1.0) mesh=0.2ms
[BS  190.452] CHANGE da proxy: push -21.246→-20.900, h 25.000→25.000
[BS  190.463] RECOMPUTE push=-20.900 h=25.000 faces=3 tris=164 occt=10.6ms (build 9.3, tess 1.3) mesh=0.2ms
[BS  190.466] CHANGE da proxy: push -20.900→-20.482, h 25.000→25.000
[BS  190.477] RECOMPUTE push=-20.482 h=25.000 faces=3 tris=164 occt=10.4ms (build 9.3, tess 1.0) mesh=0.2ms
[BS  190.480] CHANGE da proxy: push -20.482→-20.277, h 25.000→25.000
[BS  190.490] RECOMPUTE push=-20.277 h=25.000 faces=3 tris=164 occt=10.3ms (build 9.3, tess 1.1) mesh=0.2ms
[BS  190.494] CHANGE da proxy: push -20.277→-19.349, h 25.000→25.000
[BS  190.505] RECOMPUTE push=-19.349 h=25.000 faces=9 tris=224 occt=10.6ms (build 9.1, tess 1.6) mesh=0.2ms
[BS  190.508] CHANGE da proxy: push -19.349→-19.082, h 25.000→25.000
[BS  190.519] RECOMPUTE push=-19.082 h=25.000 faces=9 tris=224 occt=10.6ms (build 9.1, tess 1.6) mesh=0.2ms
[BS  190.522] CHANGE da proxy: push -19.082→-18.629, h 25.000→25.000
[BS  190.533] RECOMPUTE push=-18.629 h=25.000 faces=9 tris=224 occt=10.8ms (build 9.2, tess 1.6) mesh=0.2ms
[BS  190.536] CHANGE da proxy: push -18.629→-18.307, h 25.000→25.000
[BS  190.547] RECOMPUTE push=-18.307 h=25.000 faces=9 tris=224 occt=10.9ms (build 9.3, tess 1.6) mesh=0.2ms
[BS  190.550] CHANGE da proxy: push -18.307→-17.366, h 25.000→25.000
[BS  190.561] RECOMPUTE push=-17.366 h=25.000 faces=9 tris=224 occt=10.9ms (build 9.4, tess 1.5) mesh=0.2ms
[BS  190.565] CHANGE da proxy: push -17.366→-16.997, h 25.000→25.000
[BS  190.576] RECOMPUTE push=-16.997 h=25.000 faces=9 tris=224 occt=11.0ms (build 9.4, tess 1.6) mesh=0.2ms
[BS  190.579] CHANGE da proxy: push -16.997→-16.190, h 25.000→25.000
[BS  190.590] RECOMPUTE push=-16.190 h=25.000 faces=9 tris=224 occt=10.8ms (build 9.2, tess 1.6) mesh=0.2ms
[BS  190.593] CHANGE da proxy: push -16.190→-16.063, h 25.000→25.000
[BS  190.604] RECOMPUTE push=-16.063 h=25.000 faces=9 tris=224 occt=10.7ms (build 9.1, tess 1.5) mesh=0.2ms
[BS  190.607] CHANGE da proxy: push -16.063→-14.833, h 25.000→25.000
[BS  190.618] RECOMPUTE push=-14.833 h=25.000 faces=9 tris=224 occt=10.7ms (build 9.1, tess 1.5) mesh=0.2ms
[BS  190.621] CHANGE da proxy: push -14.833→-14.100, h 25.000→25.000
[BS  190.632] RECOMPUTE push=-14.100 h=25.000 faces=9 tris=224 occt=10.7ms (build 9.1, tess 1.6) mesh=0.2ms
[BS  190.635] CHANGE da proxy: push -14.100→-13.488, h 25.000→25.000
[BS  190.646] RECOMPUTE push=-13.488 h=25.000 faces=9 tris=224 occt=10.8ms (build 9.2, tess 1.6) mesh=0.2ms
[BS  190.657] CHANGE da proxy: push -13.488→-12.636, h 25.000→25.000
[BS  190.669] RECOMPUTE push=-12.636 h=25.000 faces=9 tris=224 occt=11.0ms (build 9.3, tess 1.7) mesh=0.2ms
[BS  190.672] CHANGE da proxy: push -12.636→-12.456, h 25.000→25.000
[BS  190.682] RECOMPUTE push=-12.456 h=25.000 faces=9 tris=224 occt=10.7ms (build 9.1, tess 1.5) mesh=0.2ms
[BS  190.685] CHANGE da proxy: push -12.456→-11.481, h 25.000→25.000
[BS  190.696] RECOMPUTE push=-11.481 h=25.000 faces=9 tris=224 occt=10.6ms (build 9.1, tess 1.5) mesh=0.2ms
[BS  190.699] CHANGE da proxy: push -11.481→-11.236, h 25.000→25.000
[BS  190.710] RECOMPUTE push=-11.236 h=25.000 faces=9 tris=224 occt=10.8ms (build 9.2, tess 1.6) mesh=0.2ms
[BS  190.713] CHANGE da proxy: push -11.236→-10.214, h 25.000→25.000
[BS  190.724] RECOMPUTE push=-10.214 h=25.000 faces=9 tris=224 occt=10.9ms (build 9.2, tess 1.7) mesh=0.2ms
[BS  190.728] CHANGE da proxy: push -10.214→-9.850, h 25.000→25.000
[BS  190.739] RECOMPUTE push=-9.850 h=25.000 faces=9 tris=224 occt=10.9ms (build 9.2, tess 1.7) mesh=0.2ms
[BS  190.742] CHANGE da proxy: push -9.850→-8.472, h 25.000→25.000
[BS  190.753] RECOMPUTE push=-8.472 h=25.000 faces=9 tris=224 occt=11.0ms (build 9.3, tess 1.7) mesh=0.2ms
[BS  190.757] CHANGE da proxy: push -8.472→-7.993, h 25.000→25.000
[BS  190.768] RECOMPUTE push=-7.993 h=25.000 faces=9 tris=224 occt=11.0ms (build 9.3, tess 1.7) mesh=0.2ms
[BS  190.772] CHANGE da proxy: push -7.993→-7.515, h 25.000→25.000
[BS  190.783] RECOMPUTE push=-7.515 h=25.000 faces=9 tris=224 occt=11.0ms (build 9.4, tess 1.6) mesh=0.2ms
[BS  190.787] CHANGE da proxy: push -7.515→-7.099, h 25.000→25.000
[BS  190.798] RECOMPUTE push=-7.099 h=25.000 faces=9 tris=224 occt=10.9ms (build 9.4, tess 1.6) mesh=0.2ms
[BS  190.801] CHANGE da proxy: push -7.099→-6.566, h 25.000→25.000
[BS  190.812] RECOMPUTE push=-6.566 h=25.000 faces=9 tris=224 occt=10.7ms (build 9.1, tess 1.6) mesh=0.2ms
[BS  190.815] CHANGE da proxy: push -6.566→-5.977, h 25.000→25.000
[BS  190.826] RECOMPUTE push=-5.977 h=25.000 faces=9 tris=224 occt=10.7ms (build 9.1, tess 1.6) mesh=0.2ms
[BS  190.829] CHANGE da proxy: push -5.977→-5.801, h 25.000→25.000
[BS  190.840] RECOMPUTE push=-5.801 h=25.000 faces=9 tris=224 occt=10.7ms (build 9.1, tess 1.6) mesh=0.2ms
[BS  190.843] CHANGE da proxy: push -5.801→-5.040, h 25.000→25.000
[BS  190.854] RECOMPUTE push=-5.040 h=25.000 faces=9 tris=224 occt=10.7ms (build 9.1, tess 1.6) mesh=0.2ms
[BS  190.857] CHANGE da proxy: push -5.040→-4.222, h 25.000→25.000
[BS  190.868] RECOMPUTE push=-4.222 h=25.000 faces=9 tris=224 occt=10.6ms (build 9.0, tess 1.6) mesh=0.2ms
[BS  190.871] CHANGE da proxy: push -4.222→-3.701, h 25.000→25.000
[BS  190.882] RECOMPUTE push=-3.701 h=25.000 faces=9 tris=224 occt=10.7ms (build 9.1, tess 1.6) mesh=0.2ms
[BS  190.885] CHANGE da proxy: push -3.701→-3.183, h 25.000→25.000
[BS  190.895] RECOMPUTE push=-3.183 h=25.000 faces=9 tris=224 occt=10.5ms (build 9.0, tess 1.6) mesh=0.2ms
[BS  190.898] CHANGE da proxy: push -3.183→-2.836, h 25.000→25.000
[BS  190.909] RECOMPUTE push=-2.836 h=25.000 faces=9 tris=224 occt=10.7ms (build 9.1, tess 1.6) mesh=0.2ms
[BS  190.913] CHANGE da proxy: push -2.836→-2.204, h 25.000→25.000
[BS  190.924] RECOMPUTE push=-2.204 h=25.000 faces=9 tris=224 occt=10.8ms (build 9.2, tess 1.6) mesh=0.2ms
[BS  190.927] CHANGE da proxy: push -2.204→-1.806, h 25.000→25.000
[BS  190.938] RECOMPUTE push=-1.806 h=25.000 faces=9 tris=224 occt=10.7ms (build 9.1, tess 1.6) mesh=0.2ms
[BS  190.941] CHANGE da proxy: push -1.806→-1.693, h 25.000→25.000
[BS  190.952] RECOMPUTE push=-1.693 h=25.000 faces=9 tris=224 occt=10.6ms (build 9.0, tess 1.6) mesh=0.2ms
[BS  190.956] CHANGE da proxy: push -1.693→-1.293, h 25.000→25.000
[BS  190.967] RECOMPUTE push=-1.293 h=25.000 faces=9 tris=224 occt=10.9ms (build 9.2, tess 1.6) mesh=0.2ms
[BS  190.970] CHANGE da proxy: push -1.293→-0.614, h 25.000→25.000
[BS  190.981] RECOMPUTE push=-0.614 h=25.000 faces=9 tris=224 occt=10.7ms (build 9.0, tess 1.6) mesh=0.2ms
[BS  190.984] CHANGE da proxy: push -0.614→-0.331, h 25.000→25.000
[BS  190.995] RECOMPUTE push=-0.331 h=25.000 faces=9 tris=224 occt=10.8ms (build 9.2, tess 1.6) mesh=0.2ms
[BS  190.998] CHANGE da proxy: push -0.331→+0.060, h 25.000→25.000
[BS  191.008] RECOMPUTE push=+0.060 h=25.000 faces=10 tris=248 occt=10.0ms (build 8.2, tess 1.8) mesh=0.2ms
[BS  191.011] CHANGE da proxy: push +0.060→+0.453, h 25.000→25.000
[BS  191.022] RECOMPUTE push=+0.453 h=25.000 faces=10 tris=248 occt=10.2ms (build 8.4, tess 1.8) mesh=0.3ms
[BS  191.025] CHANGE da proxy: push +0.453→+0.789, h 25.000→25.000
[BS  191.036] RECOMPUTE push=+0.789 h=25.000 faces=10 tris=248 occt=10.1ms (build 8.3, tess 1.7) mesh=0.2ms
[BS  191.039] CHANGE da proxy: push +0.789→+0.900, h 25.000→25.000
[BS  191.049] RECOMPUTE push=+0.900 h=25.000 faces=10 tris=248 occt=10.0ms (build 8.2, tess 1.8) mesh=0.2ms
[BS  191.052] CHANGE da proxy: push +0.900→+1.289, h 25.000→25.000
[BS  191.062] RECOMPUTE push=+1.289 h=25.000 faces=10 tris=248 occt=10.1ms (build 8.3, tess 1.8) mesh=0.2ms
[BS  191.066] CHANGE da proxy: push +1.289→+1.510, h 25.000→25.000
[BS  191.076] RECOMPUTE push=+1.510 h=25.000 faces=10 tris=248 occt=10.2ms (build 8.3, tess 1.9) mesh=0.2ms
[BS  191.080] CHANGE da proxy: push +1.510→+1.731, h 25.000→25.000
[BS  191.090] RECOMPUTE push=+1.731 h=25.000 faces=10 tris=248 occt=10.3ms (build 8.5, tess 1.8) mesh=0.2ms
[BS  191.094] CHANGE da proxy: push +1.731→+2.007, h 25.000→25.000
[BS  191.105] RECOMPUTE push=+2.007 h=25.000 faces=10 tris=248 occt=10.4ms (build 8.5, tess 1.8) mesh=0.3ms
[BS  191.108] CHANGE da proxy: push +2.007→+2.172, h 25.000→25.000
[BS  191.118] RECOMPUTE push=+2.172 h=25.000 faces=10 tris=248 occt=10.1ms (build 8.3, tess 1.8) mesh=0.2ms
[BS  191.122] CHANGE da proxy: push +2.172→+2.393, h 25.000→25.000
[BS  191.132] RECOMPUTE push=+2.393 h=25.000 faces=10 tris=248 occt=10.3ms (build 8.4, tess 1.8) mesh=0.2ms
[BS  191.135] CHANGE da proxy: push +2.393→+2.612, h 25.000→25.000
[BS  191.146] RECOMPUTE push=+2.612 h=25.000 faces=10 tris=248 occt=10.1ms (build 8.4, tess 1.7) mesh=0.2ms
[BS  191.149] CHANGE da proxy: push +2.612→+2.886, h 25.000→25.000
[BS  191.159] RECOMPUTE push=+2.886 h=25.000 faces=10 tris=248 occt=10.3ms (build 8.5, tess 1.8) mesh=0.2ms
[BS  191.163] CHANGE da proxy: push +2.886→+3.049, h 25.000→25.000
[BS  191.173] RECOMPUTE push=+3.049 h=25.000 faces=10 tris=248 occt=10.1ms (build 8.3, tess 1.8) mesh=0.2ms
[BS  191.176] CHANGE da proxy: push +3.049→+3.375, h 25.000→25.000
[BS  191.186] RECOMPUTE push=+3.375 h=25.000 faces=10 tris=248 occt=9.9ms (build 8.3, tess 1.7) mesh=0.2ms
[BS  191.189] CHANGE da proxy: push +3.375→+3.484, h 25.000→25.000
[BS  191.200] RECOMPUTE push=+3.484 h=25.000 faces=10 tris=248 occt=10.1ms (build 8.3, tess 1.7) mesh=0.2ms
[BS  191.203] CHANGE da proxy: push +3.484→+3.702, h 25.000→25.000
[BS  191.213] RECOMPUTE push=+3.702 h=25.000 faces=10 tris=248 occt=10.0ms (build 8.2, tess 1.8) mesh=0.2ms
[BS  191.216] CHANGE da proxy: push +3.702→+4.189, h 25.000→25.000
[BS  191.226] RECOMPUTE push=+4.189 h=25.000 faces=10 tris=248 occt=10.1ms (build 8.3, tess 1.8) mesh=0.2ms
[BS  191.229] CHANGE da proxy: push +4.189→+4.513, h 25.000→25.000
[BS  191.239] RECOMPUTE push=+4.513 h=25.000 faces=10 tris=248 occt=10.0ms (build 8.3, tess 1.8) mesh=0.2ms
[BS  191.242] CHANGE da proxy: push +4.513→+4.836, h 25.000→25.000
[BS  191.253] RECOMPUTE push=+4.836 h=25.000 faces=10 tris=248 occt=10.0ms (build 8.2, tess 1.8) mesh=0.2ms
[BS  191.255] CHANGE da proxy: push +4.836→+5.050, h 25.000→25.000
[BS  191.266] RECOMPUTE push=+5.050 h=25.000 faces=10 tris=248 occt=9.9ms (build 8.2, tess 1.8) mesh=0.2ms
[BS  191.269] CHANGE da proxy: push +5.050→+5.478, h 25.000→25.000
[BS  191.279] RECOMPUTE push=+5.478 h=25.000 faces=10 tris=248 occt=10.0ms (build 8.2, tess 1.8) mesh=0.2ms
[BS  191.282] CHANGE da proxy: push +5.478→+5.850, h 25.000→25.000
[BS  191.292] RECOMPUTE push=+5.850 h=25.000 faces=10 tris=248 occt=10.0ms (build 8.3, tess 1.8) mesh=0.2ms
[BS  191.296] CHANGE da proxy: push +5.850→+6.275, h 25.000→25.000
[BS  191.306] RECOMPUTE push=+6.275 h=25.000 faces=10 tris=248 occt=10.1ms (build 8.3, tess 1.8) mesh=0.2ms
[BS  191.309] CHANGE da proxy: push +6.275→+6.539, h 25.000→25.000
[BS  191.319] RECOMPUTE push=+6.539 h=25.000 faces=10 tris=248 occt=10.0ms (build 8.3, tess 1.7) mesh=0.2ms
[BS  191.322] CHANGE da proxy: push +6.539→+7.014, h 25.000→25.000
[BS  191.332] RECOMPUTE push=+7.014 h=25.000 faces=10 tris=248 occt=10.0ms (build 8.2, tess 1.8) mesh=0.2ms
[BS  191.335] CHANGE da proxy: push +7.014→+7.485, h 25.000→25.000
[BS  191.346] RECOMPUTE push=+7.485 h=25.000 faces=10 tris=248 occt=10.1ms (build 8.3, tess 1.8) mesh=0.2ms
[BS  191.349] CHANGE da proxy: push +7.485→+7.851, h 25.000→25.000
[BS  191.359] RECOMPUTE push=+7.851 h=25.000 faces=10 tris=248 occt=10.0ms (build 8.3, tess 1.8) mesh=0.2ms
[BS  191.362] CHANGE da proxy: push +7.851→+8.371, h 25.000→25.000
[BS  191.373] RECOMPUTE push=+8.371 h=25.000 faces=10 tris=248 occt=10.0ms (build 8.2, tess 1.8) mesh=0.2ms
[BS  191.376] CHANGE da proxy: push +8.371→+8.630, h 25.000→25.000
[BS  191.386] RECOMPUTE push=+8.630 h=25.000 faces=10 tris=248 occt=9.9ms (build 8.3, tess 1.7) mesh=0.2ms
[BS  191.389] CHANGE da proxy: push +8.630→+9.352, h 25.000→25.000
[BS  191.399] RECOMPUTE push=+9.352 h=25.000 faces=10 tris=248 occt=10.1ms (build 8.3, tess 1.8) mesh=0.2ms
[BS  191.402] CHANGE da proxy: push +9.352→+9.814, h 25.000→25.000
[BS  191.412] RECOMPUTE push=+9.814 h=25.000 faces=10 tris=248 occt=10.0ms (build 8.2, tess 1.8) mesh=0.2ms
[BS  191.415] CHANGE da proxy: push +9.814→+10.223, h 25.000→25.000
[BS  191.426] RECOMPUTE push=+10.223 h=25.000 faces=10 tris=248 occt=10.0ms (build 8.2, tess 1.8) mesh=0.2ms
[BS  191.429] CHANGE da proxy: push +10.223→+10.376, h 25.000→25.000
[BS  191.439] RECOMPUTE push=+10.376 h=25.000 faces=10 tris=248 occt=9.9ms (build 8.2, tess 1.7) mesh=0.2ms
[BS  191.442] CHANGE da proxy: push +10.376→+10.732, h 25.000→25.000
[BS  191.452] RECOMPUTE push=+10.732 h=25.000 faces=10 tris=248 occt=10.0ms (build 8.1, tess 1.9) mesh=0.2ms
[BS  191.455] CHANGE da proxy: push +10.732→+10.986, h 25.000→25.000
[BS  191.465] RECOMPUTE push=+10.986 h=25.000 faces=10 tris=248 occt=10.0ms (build 8.2, tess 1.8) mesh=0.2ms
[BS  191.468] CHANGE da proxy: push +10.986→+11.239, h 25.000→25.000
[BS  191.478] RECOMPUTE push=+11.239 h=25.000 faces=10 tris=248 occt=10.0ms (build 8.3, tess 1.7) mesh=0.2ms
[BS  191.481] CHANGE da proxy: push +11.239→+11.391, h 25.000→25.000
[BS  191.492] RECOMPUTE push=+11.391 h=25.000 faces=10 tris=248 occt=10.0ms (build 8.3, tess 1.7) mesh=0.2ms
[BS  191.495] CHANGE da proxy: push +11.391→+11.492, h 25.000→25.000
[BS  191.505] RECOMPUTE push=+11.492 h=25.000 faces=10 tris=248 occt=10.1ms (build 8.2, tess 1.8) mesh=0.2ms
[BS  191.508] CHANGE da proxy: push +11.492→+11.593, h 25.000→25.000
[BS  191.519] RECOMPUTE push=+11.593 h=25.000 faces=10 tris=248 occt=10.1ms (build 8.3, tess 1.8) mesh=0.2ms
[BS  191.577] CHANGE da proxy: push +11.593→+11.593, h 25.000→25.000
[BS  191.589] RECOMPUTE push=+11.593 h=25.000 faces=10 tris=248 occt=11.2ms (build 8.5, tess 2.7) mesh=0.2ms
[BS  191.592] CHANGE da proxy: push +11.593→+11.341, h 25.000→25.000
[BS  191.602] RECOMPUTE push=+11.341 h=25.000 faces=10 tris=248 occt=10.2ms (build 8.3, tess 1.9) mesh=0.2ms
[BS  191.606] CHANGE da proxy: push +11.341→+11.088, h 25.000→25.000
[BS  191.617] RECOMPUTE push=+11.088 h=25.000 faces=10 tris=248 occt=10.4ms (build 8.6, tess 1.8) mesh=0.2ms
[BS  191.620] CHANGE da proxy: push +11.088→+10.121, h 25.000→25.000
[BS  191.630] RECOMPUTE push=+10.121 h=25.000 faces=10 tris=248 occt=10.1ms (build 8.3, tess 1.9) mesh=0.2ms
[BS  191.633] CHANGE da proxy: push +10.121→+9.558, h 25.000→25.000
[BS  191.643] RECOMPUTE push=+9.558 h=25.000 faces=10 tris=248 occt=10.2ms (build 8.4, tess 1.8) mesh=0.2ms
[BS  191.646] CHANGE da proxy: push +9.558→+8.888, h 25.000→25.000
[BS  191.657] RECOMPUTE push=+8.888 h=25.000 faces=10 tris=248 occt=10.2ms (build 8.5, tess 1.7) mesh=0.2ms
[BS  191.660] CHANGE da proxy: push +8.888→+8.214, h 25.000→25.000
[BS  191.671] RECOMPUTE push=+8.214 h=25.000 faces=10 tris=248 occt=10.0ms (build 8.2, tess 1.8) mesh=0.2ms
[BS  191.674] CHANGE da proxy: push +8.214→+7.536, h 25.000→25.000
[BS  191.684] RECOMPUTE push=+7.536 h=25.000 faces=10 tris=248 occt=10.3ms (build 8.5, tess 1.7) mesh=0.2ms
[BS  191.687] CHANGE da proxy: push +7.536→+7.222, h 25.000→25.000
[BS  191.697] RECOMPUTE push=+7.222 h=25.000 faces=10 tris=248 occt=10.0ms (build 8.3, tess 1.7) mesh=0.2ms
[BS  191.700] CHANGE da proxy: push +7.222→+6.433, h 25.000→25.000
[BS  191.711] RECOMPUTE push=+6.433 h=25.000 faces=10 tris=248 occt=10.0ms (build 8.3, tess 1.7) mesh=0.2ms
[BS  191.714] CHANGE da proxy: push +6.433→+6.115, h 25.000→25.000
[BS  191.724] RECOMPUTE push=+6.115 h=25.000 faces=10 tris=248 occt=10.0ms (build 8.3, tess 1.7) mesh=0.2ms
[BS  191.727] CHANGE da proxy: push +6.115→+5.585, h 25.000→25.000
[BS  191.738] RECOMPUTE push=+5.585 h=25.000 faces=10 tris=248 occt=10.5ms (build 8.2, tess 2.3) mesh=0.2ms
[BS  191.741] CHANGE da proxy: push +5.585→+5.265, h 25.000→25.000
[BS  191.751] RECOMPUTE push=+5.265 h=25.000 faces=10 tris=248 occt=10.0ms (build 8.3, tess 1.8) mesh=0.2ms
[BS  191.754] CHANGE da proxy: push +5.265→+4.945, h 25.000→25.000
[BS  191.764] RECOMPUTE push=+4.945 h=25.000 faces=10 tris=248 occt=10.0ms (build 8.3, tess 1.7) mesh=0.2ms
[BS  191.768] CHANGE da proxy: push +4.945→+4.624, h 25.000→25.000
[BS  191.778] RECOMPUTE push=+4.624 h=25.000 faces=10 tris=248 occt=10.4ms (build 8.6, tess 1.8) mesh=0.2ms
[BS  191.782] CHANGE da proxy: push +4.624→+4.516, h 25.000→25.000
[BS  191.792] RECOMPUTE push=+4.516 h=25.000 faces=10 tris=248 occt=10.2ms (build 8.5, tess 1.8) mesh=0.2ms
[BS  191.795] CHANGE da proxy: push +4.516→+4.248, h 25.000→25.000
[BS  191.806] RECOMPUTE push=+4.248 h=25.000 faces=10 tris=248 occt=10.0ms (build 8.4, tess 1.7) mesh=0.2ms
[BS  191.809] CHANGE da proxy: push +4.248→+4.140, h 25.000→25.000
[BS  191.819] RECOMPUTE push=+4.140 h=25.000 faces=10 tris=248 occt=10.1ms (build 8.3, tess 1.8) mesh=0.2ms
[BS  191.822] CHANGE da proxy: push +4.140→+3.871, h 25.000→25.000
[BS  191.832] RECOMPUTE push=+3.871 h=25.000 faces=10 tris=248 occt=10.0ms (build 8.3, tess 1.7) mesh=0.2ms
[BS  191.835] CHANGE da proxy: push +3.871→+3.763, h 25.000→25.000
[BS  191.845] RECOMPUTE push=+3.763 h=25.000 faces=10 tris=248 occt=9.9ms (build 8.3, tess 1.7) mesh=0.2ms
[BS  191.848] CHANGE da proxy: push +3.763→+3.709, h 25.000→25.000
[BS  191.859] RECOMPUTE push=+3.709 h=25.000 faces=10 tris=248 occt=10.0ms (build 8.3, tess 1.7) mesh=0.2ms
[BS  191.862] CHANGE da proxy: push +3.709→+3.655, h 25.000→25.000
[BS  191.872] RECOMPUTE push=+3.655 h=25.000 faces=10 tris=248 occt=10.0ms (build 8.3, tess 1.7) mesh=0.2ms
[BS  191.937] CHANGE da proxy: push +3.655→+3.763, h 25.000→25.000
[BS  191.948] RECOMPUTE push=+3.763 h=25.000 faces=10 tris=248 occt=10.8ms (build 8.7, tess 2.2) mesh=0.2ms
[BS  191.951] CHANGE da proxy: push +3.763→+3.873, h 25.000→25.000
[BS  191.963] RECOMPUTE push=+3.873 h=25.000 faces=10 tris=248 occt=10.8ms (build 8.6, tess 2.2) mesh=0.3ms
[BS  191.966] CHANGE da proxy: push +3.873→+4.360, h 25.000→25.000
[BS  191.977] RECOMPUTE push=+4.360 h=25.000 faces=10 tris=248 occt=10.6ms (build 8.6, tess 2.0) mesh=0.2ms
[BS  191.981] CHANGE da proxy: push +4.360→+4.790, h 25.000→25.000
[BS  191.991] RECOMPUTE push=+4.790 h=25.000 faces=10 tris=248 occt=10.2ms (build 8.4, tess 1.8) mesh=0.2ms
[BS  191.994] CHANGE da proxy: push +4.790→+5.057, h 25.000→25.000
[BS  192.005] RECOMPUTE push=+5.057 h=25.000 faces=10 tris=248 occt=10.2ms (build 8.5, tess 1.7) mesh=0.2ms
[BS  192.008] CHANGE da proxy: push +5.057→+5.323, h 25.000→25.000
[BS  192.018] RECOMPUTE push=+5.323 h=25.000 faces=10 tris=248 occt=10.0ms (build 8.3, tess 1.7) mesh=0.2ms
[BS  192.022] CHANGE da proxy: push +5.323→+5.483, h 25.000→25.000
[BS  192.032] RECOMPUTE push=+5.483 h=25.000 faces=10 tris=248 occt=10.0ms (build 8.2, tess 1.8) mesh=0.2ms
[BS  192.035] CHANGE da proxy: push +5.483→+5.642, h 25.000→25.000
[BS  192.045] RECOMPUTE push=+5.642 h=25.000 faces=10 tris=248 occt=10.0ms (build 8.2, tess 1.8) mesh=0.3ms
[BS  192.049] CHANGE da proxy: push +5.642→+5.908, h 25.000→25.000
[BS  192.059] RECOMPUTE push=+5.908 h=25.000 faces=10 tris=248 occt=10.1ms (build 8.3, tess 1.7) mesh=0.2ms
[BS  192.062] CHANGE da proxy: push +5.908→+6.066, h 25.000→25.000
[BS  192.072] RECOMPUTE push=+6.066 h=25.000 faces=10 tris=248 occt=10.1ms (build 8.4, tess 1.7) mesh=0.2ms
[BS  192.075] CHANGE da proxy: push +6.066→+6.330, h 25.000→25.000
[BS  192.085] RECOMPUTE push=+6.330 h=25.000 faces=10 tris=248 occt=9.8ms (build 8.1, tess 1.7) mesh=0.2ms
[BS  192.096] CHANGE da proxy: push +6.330→+6.487, h 25.000→25.000
[BS  192.106] RECOMPUTE push=+6.487 h=25.000 faces=10 tris=248 occt=10.1ms (build 8.4, tess 1.8) mesh=0.2ms
[BS  192.109] CHANGE da proxy: push +6.487→+6.540, h 25.000→25.000
[BS  192.120] RECOMPUTE push=+6.540 h=25.000 faces=10 tris=248 occt=10.1ms (build 8.3, tess 1.8) mesh=0.2ms
[BS  192.123] CHANGE da proxy: push +6.540→+6.698, h 25.000→25.000
[BS  192.134] RECOMPUTE push=+6.698 h=25.000 faces=10 tris=248 occt=10.4ms (build 8.5, tess 1.9) mesh=0.3ms
[BS  192.271] CHANGE da proxy: push +6.698→+6.645, h 25.000→25.000
[BS  192.282] RECOMPUTE push=+6.645 h=25.000 faces=10 tris=248 occt=11.1ms (build 8.9, tess 2.2) mesh=0.2ms
[BS  192.286] CHANGE da proxy: push +6.645→+6.540, h 25.000→25.000
[BS  192.296] RECOMPUTE push=+6.540 h=25.000 faces=10 tris=248 occt=10.5ms (build 8.6, tess 1.9) mesh=0.2ms
[BS  192.299] CHANGE da proxy: push +6.540→+6.328, h 25.000→25.000
[BS  192.310] RECOMPUTE push=+6.328 h=25.000 faces=10 tris=248 occt=10.4ms (build 8.4, tess 1.9) mesh=0.2ms
[BS  192.313] CHANGE da proxy: push +6.328→+6.223, h 25.000→25.000
[BS  192.323] RECOMPUTE push=+6.223 h=25.000 faces=10 tris=248 occt=10.1ms (build 8.3, tess 1.8) mesh=0.3ms
[BS  192.327] CHANGE da proxy: push +6.223→+5.852, h 25.000→25.000
[BS  192.337] RECOMPUTE push=+5.852 h=25.000 faces=10 tris=248 occt=10.0ms (build 8.2, tess 1.7) mesh=0.2ms
[BS  192.340] CHANGE da proxy: push +5.852→+5.799, h 25.000→25.000
[BS  192.350] RECOMPUTE push=+5.799 h=25.000 faces=10 tris=248 occt=9.9ms (build 8.1, tess 1.8) mesh=0.2ms
[BS  192.353] CHANGE da proxy: push +5.799→+5.587, h 25.000→25.000
[BS  192.363] RECOMPUTE push=+5.587 h=25.000 faces=10 tris=248 occt=9.9ms (build 8.2, tess 1.7) mesh=0.2ms
[BS  192.437] CHANGE da proxy: push +5.587→+5.534, h 25.000→25.000
[BS  192.448] RECOMPUTE push=+5.534 h=25.000 faces=10 tris=248 occt=10.3ms (build 8.5, tess 1.8) mesh=0.2ms
[BS  192.460] CHANGE da proxy: push +5.534→+5.480, h 25.000→25.000
[BS  192.470] RECOMPUTE push=+5.480 h=25.000 faces=10 tris=248 occt=10.2ms (build 8.3, tess 1.8) mesh=0.3ms
[BS  192.494] CHANGE da proxy: push +5.480→+5.427, h 25.000→25.000
[BS  192.505] RECOMPUTE push=+5.427 h=25.000 faces=10 tris=248 occt=10.5ms (build 8.5, tess 2.0) mesh=0.2ms
[BS  192.518] CHANGE da proxy: push +5.427→+5.374, h 25.000→25.000
[BS  192.528] RECOMPUTE push=+5.374 h=25.000 faces=10 tris=248 occt=10.1ms (build 8.3, tess 1.8) mesh=0.2ms
[BS  192.545] CHANGE da proxy: push +5.374→+5.321, h 25.000→25.000
[BS  192.555] RECOMPUTE push=+5.321 h=25.000 faces=10 tris=248 occt=10.1ms (build 8.4, tess 1.7) mesh=0.2ms
[BS  192.558] CHANGE da proxy: push +5.321→+5.267, h 25.000→25.000
[BS  192.568] RECOMPUTE push=+5.267 h=25.000 faces=10 tris=248 occt=9.8ms (build 8.1, tess 1.7) mesh=0.2ms
[BS  192.571] CHANGE da proxy: push +5.267→+5.107, h 25.000→25.000
[BS  192.581] RECOMPUTE push=+5.107 h=25.000 faces=10 tris=248 occt=9.9ms (build 8.2, tess 1.7) mesh=0.2ms
[BS  192.584] CHANGE da proxy: push +5.107→+5.001, h 25.000→25.000
[BS  192.595] RECOMPUTE push=+5.001 h=25.000 faces=10 tris=248 occt=10.0ms (build 8.3, tess 1.8) mesh=0.2ms
[BS  192.598] CHANGE da proxy: push +5.001→+4.733, h 25.000→25.000
[BS  192.608] RECOMPUTE push=+4.733 h=25.000 faces=10 tris=248 occt=10.0ms (build 8.3, tess 1.7) mesh=0.2ms
[BS  192.611] CHANGE da proxy: push +4.733→+4.626, h 25.000→25.000
[BS  192.621] RECOMPUTE push=+4.626 h=25.000 faces=10 tris=248 occt=9.9ms (build 8.3, tess 1.7) mesh=0.3ms
[BS  192.624] CHANGE da proxy: push +4.626→+4.304, h 25.000→25.000
[BS  192.635] RECOMPUTE push=+4.304 h=25.000 faces=10 tris=248 occt=10.1ms (build 8.3, tess 1.8) mesh=0.2ms
[BS  192.638] CHANGE da proxy: push +4.304→+4.197, h 25.000→25.000
[BS  192.648] RECOMPUTE push=+4.197 h=25.000 faces=10 tris=248 occt=9.8ms (build 8.2, tess 1.6) mesh=0.2ms
[BS  192.650] CHANGE da proxy: push +4.197→+3.981, h 25.000→25.000
[BS  192.661] RECOMPUTE push=+3.981 h=25.000 faces=10 tris=248 occt=9.8ms (build 8.2, tess 1.7) mesh=0.2ms
[BS  192.663] CHANGE da proxy: push +3.981→+3.819, h 25.000→25.000
[BS  192.674] RECOMPUTE push=+3.819 h=25.000 faces=10 tris=248 occt=10.1ms (build 8.4, tess 1.7) mesh=0.2ms
[BS  192.677] CHANGE da proxy: push +3.819→+3.495, h 25.000→25.000
[BS  192.687] RECOMPUTE push=+3.495 h=25.000 faces=10 tris=248 occt=10.2ms (build 8.4, tess 1.8) mesh=0.2ms
[BS  192.691] CHANGE da proxy: push +3.495→+3.387, h 25.000→25.000
[BS  192.701] RECOMPUTE push=+3.387 h=25.000 faces=10 tris=248 occt=10.0ms (build 8.3, tess 1.7) mesh=0.2ms
[BS  192.704] CHANGE da proxy: push +3.387→+3.224, h 25.000→25.000
[BS  192.714] RECOMPUTE push=+3.224 h=25.000 faces=10 tris=248 occt=9.9ms (build 8.2, tess 1.7) mesh=0.2ms
[BS  192.717] CHANGE da proxy: push +3.224→+3.062, h 25.000→25.000
[BS  192.728] RECOMPUTE push=+3.062 h=25.000 faces=10 tris=248 occt=10.2ms (build 8.3, tess 1.8) mesh=0.2ms
[BS  192.730] CHANGE da proxy: push +3.062→+2.953, h 25.000→25.000
[BS  192.741] RECOMPUTE push=+2.953 h=25.000 faces=10 tris=248 occt=9.9ms (build 8.2, tess 1.7) mesh=0.2ms
[BS  192.744] CHANGE da proxy: push +2.953→+2.899, h 25.000→25.000
[BS  192.754] RECOMPUTE push=+2.899 h=25.000 faces=10 tris=248 occt=9.9ms (build 8.2, tess 1.7) mesh=0.2ms
[BS  192.757] CHANGE da proxy: push +2.899→+2.844, h 25.000→25.000
[BS  192.768] RECOMPUTE push=+2.844 h=25.000 faces=10 tris=248 occt=10.0ms (build 8.3, tess 1.7) mesh=0.2ms
[BS  192.863] CHANGE da proxy: push +2.844→+2.953, h 25.000→25.000
[BS  192.874] RECOMPUTE push=+2.953 h=25.000 faces=10 tris=248 occt=10.7ms (build 8.6, tess 2.1) mesh=0.2ms
[BS  192.877] CHANGE da proxy: push +2.953→+3.065, h 25.000→25.000
[BS  192.887] RECOMPUTE push=+3.065 h=25.000 faces=10 tris=248 occt=10.1ms (build 8.2, tess 1.9) mesh=0.2ms
[BS  192.890] CHANGE da proxy: push +3.065→+3.283, h 25.000→25.000
[BS  192.901] RECOMPUTE push=+3.283 h=25.000 faces=10 tris=248 occt=10.3ms (build 8.4, tess 1.9) mesh=0.2ms
[BS  192.904] CHANGE da proxy: push +3.283→+3.609, h 25.000→25.000
[BS  192.915] RECOMPUTE push=+3.609 h=25.000 faces=10 tris=248 occt=10.5ms (build 8.5, tess 1.9) mesh=0.2ms
[BS  192.918] CHANGE da proxy: push +3.609→+3.772, h 25.000→25.000
[BS  192.929] RECOMPUTE push=+3.772 h=25.000 faces=10 tris=248 occt=10.3ms (build 8.5, tess 1.7) mesh=0.2ms
[BS  192.932] CHANGE da proxy: push +3.772→+4.095, h 25.000→25.000
[BS  192.942] RECOMPUTE push=+4.095 h=25.000 faces=10 tris=248 occt=10.1ms (build 8.4, tess 1.7) mesh=0.2ms
[BS  192.945] CHANGE da proxy: push +4.095→+4.310, h 25.000→25.000
[BS  192.956] RECOMPUTE push=+4.310 h=25.000 faces=10 tris=248 occt=10.2ms (build 8.5, tess 1.7) mesh=0.2ms
[BS  192.959] CHANGE da proxy: push +4.310→+4.417, h 25.000→25.000
[BS  192.969] RECOMPUTE push=+4.417 h=25.000 faces=10 tris=248 occt=10.2ms (build 8.5, tess 1.7) mesh=0.2ms
[BS  192.973] CHANGE da proxy: push +4.417→+4.632, h 25.000→25.000
[BS  192.983] RECOMPUTE push=+4.632 h=25.000 faces=10 tris=248 occt=10.1ms (build 8.4, tess 1.7) mesh=0.2ms
[BS  192.986] CHANGE da proxy: push +4.632→+4.739, h 25.000→25.000
[BS  192.998] RECOMPUTE push=+4.739 h=25.000 faces=10 tris=248 occt=11.1ms (build 9.3, tess 1.7) mesh=0.2ms
[BS  193.001] CHANGE da proxy: push +4.739→+4.846, h 25.000→25.000
[BS  193.011] RECOMPUTE push=+4.846 h=25.000 faces=10 tris=248 occt=10.3ms (build 8.5, tess 1.8) mesh=0.2ms
[BS  193.014] CHANGE da proxy: push +4.846→+4.952, h 25.000→25.000
[BS  193.025] RECOMPUTE push=+4.952 h=25.000 faces=10 tris=248 occt=10.0ms (build 8.3, tess 1.7) mesh=0.2ms
[BS  193.028] CHANGE da proxy: push +4.952→+5.006, h 25.000→25.000
[BS  193.038] RECOMPUTE push=+5.006 h=25.000 faces=10 tris=248 occt=9.9ms (build 8.2, tess 1.7) mesh=0.2ms
[BS  193.041] CHANGE da proxy: push +5.006→+5.059, h 25.000→25.000
[BS  193.051] RECOMPUTE push=+5.059 h=25.000 faces=10 tris=248 occt=9.9ms (build 8.1, tess 1.8) mesh=0.2ms
[BS  193.061] CHANGE da proxy: push +5.059→+5.112, h 25.000→25.000
[BS  193.072] RECOMPUTE push=+5.112 h=25.000 faces=10 tris=248 occt=10.1ms (build 8.3, tess 1.7) mesh=0.2ms
[BS  193.082] CHANGE da proxy: push +5.112→+5.166, h 25.000→25.000
[BS  193.093] RECOMPUTE push=+5.166 h=25.000 faces=10 tris=248 occt=10.0ms (build 8.3, tess 1.7) mesh=0.2ms
[BS  193.299] CHANGE da proxy: push +5.166→+5.112, h 25.000→25.000
[BS  193.310] RECOMPUTE push=+5.112 h=25.000 faces=10 tris=248 occt=10.2ms (build 8.2, tess 2.0) mesh=0.2ms
[BS  193.313] CHANGE da proxy: push +5.112→+4.899, h 25.000→25.000
[BS  193.324] RECOMPUTE push=+4.899 h=25.000 faces=10 tris=248 occt=10.2ms (build 8.4, tess 1.8) mesh=0.2ms
[BS  193.327] CHANGE da proxy: push +4.899→+4.792, h 25.000→25.000
[BS  193.337] RECOMPUTE push=+4.792 h=25.000 faces=10 tris=248 occt=10.2ms (build 8.4, tess 1.8) mesh=0.2ms
[BS  193.340] CHANGE da proxy: push +4.792→+4.525, h 25.000→25.000
[BS  193.352] RECOMPUTE push=+4.525 h=25.000 faces=10 tris=248 occt=11.3ms (build 9.6, tess 1.7) mesh=0.2ms
[BS  193.355] CHANGE da proxy: push +4.525→+4.310, h 25.000→25.000
[BS  193.366] RECOMPUTE push=+4.310 h=25.000 faces=10 tris=248 occt=10.9ms (build 9.1, tess 1.8) mesh=0.2ms
[BS  193.369] CHANGE da proxy: push +4.310→+3.988, h 25.000→25.000
[BS  193.380] RECOMPUTE push=+3.988 h=25.000 faces=10 tris=248 occt=10.3ms (build 8.4, tess 1.9) mesh=0.2ms
[BS  193.383] CHANGE da proxy: push +3.988→+3.826, h 25.000→25.000
[BS  193.393] RECOMPUTE push=+3.826 h=25.000 faces=10 tris=248 occt=10.0ms (build 8.4, tess 1.7) mesh=0.2ms
[BS  193.396] CHANGE da proxy: push +3.826→+3.394, h 25.000→25.000
[BS  193.408] RECOMPUTE push=+3.394 h=25.000 faces=10 tris=248 occt=11.4ms (build 9.5, tess 2.0) mesh=0.2ms
[BS  193.411] CHANGE da proxy: push +3.394→+3.286, h 25.000→25.000
[BS  193.422] RECOMPUTE push=+3.286 h=25.000 faces=10 tris=248 occt=10.7ms (build 8.9, tess 1.7) mesh=0.2ms
[BS  193.425] CHANGE da proxy: push +3.286→+3.017, h 25.000→25.000
[BS  193.436] RECOMPUTE push=+3.017 h=25.000 faces=10 tris=248 occt=10.1ms (build 8.3, tess 1.7) mesh=0.2ms
[BS  193.439] CHANGE da proxy: push +3.017→+2.908, h 25.000→25.000
[BS  193.449] RECOMPUTE push=+2.908 h=25.000 faces=10 tris=248 occt=10.0ms (build 8.3, tess 1.7) mesh=0.2ms
[BS  193.452] CHANGE da proxy: push +2.908→+2.799, h 25.000→25.000
[BS  193.462] RECOMPUTE push=+2.799 h=25.000 faces=10 tris=248 occt=10.0ms (build 8.3, tess 1.7) mesh=0.2ms
[BS  193.466] CHANGE da proxy: push +2.799→+2.745, h 25.000→25.000
[BS  193.476] RECOMPUTE push=+2.745 h=25.000 faces=10 tris=248 occt=10.1ms (build 8.4, tess 1.7) mesh=0.2ms
[BS  193.479] CHANGE da proxy: push +2.745→+2.529, h 25.000→25.000
[BS  193.489] RECOMPUTE push=+2.529 h=25.000 faces=10 tris=248 occt=9.9ms (build 8.2, tess 1.7) mesh=0.2ms
[BS  193.492] CHANGE da proxy: push +2.529→+2.475, h 25.000→25.000
[BS  193.502] RECOMPUTE push=+2.475 h=25.000 faces=10 tris=248 occt=10.0ms (build 8.3, tess 1.7) mesh=0.2ms
[BS  193.505] CHANGE da proxy: push +2.475→+2.311, h 25.000→25.000
[BS  193.516] RECOMPUTE push=+2.311 h=25.000 faces=10 tris=248 occt=10.2ms (build 8.4, tess 1.8) mesh=0.2ms
[BS  193.519] CHANGE da proxy: push +2.311→+2.256, h 25.000→25.000
[BS  193.529] RECOMPUTE push=+2.256 h=25.000 faces=10 tris=248 occt=10.1ms (build 8.3, tess 1.8) mesh=0.2ms
[BS  193.532] CHANGE da proxy: push +2.256→+1.985, h 25.000→25.000
[BS  193.543] RECOMPUTE push=+1.985 h=25.000 faces=10 tris=248 occt=10.1ms (build 8.4, tess 1.7) mesh=0.2ms
[BS  193.546] CHANGE da proxy: push +1.985→+1.766, h 25.000→25.000
[BS  193.556] RECOMPUTE push=+1.766 h=25.000 faces=10 tris=248 occt=10.1ms (build 8.4, tess 1.8) mesh=0.2ms
[BS  193.559] CHANGE da proxy: push +1.766→+1.658, h 25.000→25.000
[BS  193.569] RECOMPUTE push=+1.658 h=25.000 faces=10 tris=248 occt=10.1ms (build 8.3, tess 1.8) mesh=0.2ms
[BS  193.572] CHANGE da proxy: push +1.658→+1.384, h 25.000→25.000
[BS  193.583] RECOMPUTE push=+1.384 h=25.000 faces=10 tris=248 occt=10.1ms (build 8.4, tess 1.7) mesh=0.2ms
[BS  193.586] CHANGE da proxy: push +1.384→+1.164, h 25.000→25.000
[BS  193.596] RECOMPUTE push=+1.164 h=25.000 faces=10 tris=248 occt=10.0ms (build 8.2, tess 1.7) mesh=0.2ms
[BS  193.599] CHANGE da proxy: push +1.164→+0.943, h 25.000→25.000
[BS  193.609] RECOMPUTE push=+0.943 h=25.000 faces=10 tris=248 occt=10.2ms (build 8.3, tess 1.9) mesh=0.2ms
[BS  193.613] CHANGE da proxy: push +0.943→+0.669, h 25.000→25.000
[BS  193.623] RECOMPUTE push=+0.669 h=25.000 faces=10 tris=248 occt=10.2ms (build 8.4, tess 1.8) mesh=0.2ms
[BS  193.626] CHANGE da proxy: push +0.669→+0.559, h 25.000→25.000
[BS  193.636] RECOMPUTE push=+0.559 h=25.000 faces=10 tris=248 occt=9.8ms (build 8.2, tess 1.6) mesh=0.2ms
[BS  193.639] CHANGE da proxy: push +0.559→+0.118, h 25.000→25.000
[BS  193.649] RECOMPUTE push=+0.118 h=25.000 faces=10 tris=248 occt=10.0ms (build 8.2, tess 1.8) mesh=0.2ms
[BS  193.652] CHANGE da proxy: push +0.118→-0.272, h 25.000→25.000
[BS  193.663] RECOMPUTE push=-0.272 h=25.000 faces=9 tris=224 occt=10.8ms (build 9.0, tess 1.7) mesh=0.2ms
[BS  193.666] CHANGE da proxy: push -0.272→-0.606, h 25.000→25.000
[BS  193.677] RECOMPUTE push=-0.606 h=25.000 faces=9 tris=224 occt=10.8ms (build 9.2, tess 1.6) mesh=0.2ms
[BS  193.680] CHANGE da proxy: push -0.606→-0.939, h 25.000→25.000
[BS  193.691] RECOMPUTE push=-0.939 h=25.000 faces=9 tris=224 occt=10.7ms (build 9.1, tess 1.6) mesh=0.2ms
[BS  193.694] CHANGE da proxy: push -0.939→-1.107, h 25.000→25.000
[BS  193.705] RECOMPUTE push=-1.107 h=25.000 faces=9 tris=224 occt=10.7ms (build 9.2, tess 1.6) mesh=0.2ms
[BS  193.708] CHANGE da proxy: push -1.107→-1.388, h 25.000→25.000
[BS  193.719] RECOMPUTE push=-1.388 h=25.000 faces=9 tris=224 occt=10.6ms (build 9.1, tess 1.5) mesh=0.2ms
[BS  193.722] CHANGE da proxy: push -1.388→-1.613, h 25.000→25.000
[BS  193.733] RECOMPUTE push=-1.613 h=25.000 faces=9 tris=224 occt=10.9ms (build 9.3, tess 1.6) mesh=0.2ms
[BS  193.736] CHANGE da proxy: push -1.613→-1.838, h 25.000→25.000
[BS  193.747] RECOMPUTE push=-1.838 h=25.000 faces=9 tris=224 occt=10.9ms (build 9.3, tess 1.6) mesh=0.2ms
[BS  193.750] CHANGE da proxy: push -1.838→-2.064, h 25.000→25.000
[BS  193.762] RECOMPUTE push=-2.064 h=25.000 faces=9 tris=224 occt=10.8ms (build 9.2, tess 1.6) mesh=0.2ms
[BS  193.764] CHANGE da proxy: push -2.064→-2.121, h 25.000→25.000
[BS  193.775] RECOMPUTE push=-2.121 h=25.000 faces=9 tris=224 occt=10.7ms (build 9.0, tess 1.7) mesh=0.2ms
[BS  193.779] CHANGE da proxy: push -2.121→-2.177, h 25.000→25.000
[BS  193.790] RECOMPUTE push=-2.177 h=25.000 faces=9 tris=224 occt=10.7ms (build 9.2, tess 1.5) mesh=0.2ms
[BS  193.882] CHANGE da proxy: push -2.177→-2.121, h 25.000→25.000
[BS  193.894] RECOMPUTE push=-2.121 h=25.000 faces=9 tris=224 occt=11.6ms (build 9.9, tess 1.7) mesh=0.2ms
[BS  193.897] CHANGE da proxy: push -2.121→-2.005, h 25.000→25.000
[BS  193.910] RECOMPUTE push=-2.005 h=25.000 faces=9 tris=224 occt=12.3ms (build 10.6, tess 1.7) mesh=0.2ms
[BS  193.913] CHANGE da proxy: push -2.005→-1.551, h 25.000→25.000
[BS  193.926] RECOMPUTE push=-1.551 h=25.000 faces=9 tris=224 occt=12.2ms (build 10.3, tess 1.9) mesh=0.2ms
[BS  193.929] CHANGE da proxy: push -1.551→-1.158, h 25.000→25.000
[BS  193.941] RECOMPUTE push=-1.158 h=25.000 faces=9 tris=224 occt=12.0ms (build 10.2, tess 1.8) mesh=0.2ms
[BS  193.944] CHANGE da proxy: push -1.158→-0.708, h 25.000→25.000
[BS  193.956] RECOMPUTE push=-0.708 h=25.000 faces=9 tris=224 occt=11.6ms (build 9.9, tess 1.7) mesh=0.2ms
[BS  193.959] CHANGE da proxy: push -0.708→-0.260, h 25.000→25.000
[BS  193.971] RECOMPUTE push=-0.260 h=25.000 faces=9 tris=224 occt=11.9ms (build 10.2, tess 1.7) mesh=0.2ms
[BS  193.975] CHANGE da proxy: push -0.260→+0.187, h 25.000→25.000
[BS  193.986] RECOMPUTE push=+0.187 h=25.000 faces=10 tris=248 occt=11.2ms (build 9.5, tess 1.8) mesh=0.2ms
[BS  193.989] CHANGE da proxy: push +0.187→+0.463, h 25.000→25.000
[BS  194.001] RECOMPUTE push=+0.463 h=25.000 faces=10 tris=248 occt=11.2ms (build 9.1, tess 2.1) mesh=0.2ms
[BS  194.004] CHANGE da proxy: push +0.463→+0.850, h 25.000→25.000
[BS  194.014] RECOMPUTE push=+0.850 h=25.000 faces=10 tris=248 occt=10.1ms (build 8.3, tess 1.8) mesh=0.2ms
[BS  194.017] CHANGE da proxy: push +0.850→+1.125, h 25.000→25.000
[BS  194.027] RECOMPUTE push=+1.125 h=25.000 faces=10 tris=248 occt=10.0ms (build 8.2, tess 1.8) mesh=0.2ms
[BS  194.031] CHANGE da proxy: push +1.125→+1.345, h 25.000→25.000
[BS  194.041] RECOMPUTE push=+1.345 h=25.000 faces=10 tris=248 occt=10.0ms (build 8.2, tess 1.8) mesh=0.2ms
[BS  194.044] CHANGE da proxy: push +1.345→+1.564, h 25.000→25.000
[BS  194.054] RECOMPUTE push=+1.564 h=25.000 faces=10 tris=248 occt=10.0ms (build 8.2, tess 1.8) mesh=0.2ms
[BS  194.057] CHANGE da proxy: push +1.564→+1.728, h 25.000→25.000
[BS  194.068] RECOMPUTE push=+1.728 h=25.000 faces=10 tris=248 occt=10.2ms (build 8.4, tess 1.8) mesh=0.2ms
[BS  194.071] CHANGE da proxy: push +1.728→+1.837, h 25.000→25.000
[BS  194.081] RECOMPUTE push=+1.837 h=25.000 faces=10 tris=248 occt=10.4ms (build 8.4, tess 2.0) mesh=0.2ms
[BS  194.085] CHANGE da proxy: push +1.837→+1.892, h 25.000→25.000
[BS  194.095] RECOMPUTE push=+1.892 h=25.000 faces=10 tris=248 occt=10.2ms (build 8.4, tess 1.8) mesh=0.2ms
[BS  194.099] CHANGE da proxy: push +1.892→+2.001, h 25.000→25.000
[BS  194.109] RECOMPUTE push=+2.001 h=25.000 faces=10 tris=248 occt=10.2ms (build 8.3, tess 1.8) mesh=0.2ms
[BS  194.116] CHANGE da proxy: push +2.001→+2.274, h 25.000→25.000
[BS  194.127] RECOMPUTE push=+2.274 h=25.000 faces=10 tris=248 occt=10.5ms (build 8.6, tess 1.9) mesh=0.2ms
[BS  194.136] CHANGE da proxy: push +2.274→+2.491, h 25.000→25.000
[BS  194.147] RECOMPUTE push=+2.491 h=25.000 faces=10 tris=248 occt=10.7ms (build 8.9, tess 1.8) mesh=0.3ms
[BS  194.156] CHANGE da proxy: push +2.491→+2.708, h 25.000→25.000
[BS  194.167] RECOMPUTE push=+2.708 h=25.000 faces=10 tris=248 occt=10.6ms (build 8.9, tess 1.8) mesh=0.2ms
[BS  194.176] CHANGE da proxy: push +2.708→+2.871, h 25.000→25.000
[BS  194.187] RECOMPUTE push=+2.871 h=25.000 faces=10 tris=248 occt=10.9ms (build 8.8, tess 2.0) mesh=0.3ms
[BS  194.196] CHANGE da proxy: push +2.871→+3.142, h 25.000→25.000
[BS  194.207] RECOMPUTE push=+3.142 h=25.000 faces=10 tris=248 occt=10.3ms (build 8.5, tess 1.8) mesh=0.2ms
[BS  194.210] CHANGE da proxy: push +3.142→+3.250, h 25.000→25.000
[BS  194.220] RECOMPUTE push=+3.250 h=25.000 faces=10 tris=248 occt=10.1ms (build 8.4, tess 1.8) mesh=0.2ms
[BS  194.223] CHANGE da proxy: push +3.250→+3.411, h 25.000→25.000
[BS  194.234] RECOMPUTE push=+3.411 h=25.000 faces=10 tris=248 occt=10.1ms (build 8.3, tess 1.8) mesh=0.2ms
[BS  194.237] CHANGE da proxy: push +3.411→+3.518, h 25.000→25.000
[BS  194.247] RECOMPUTE push=+3.518 h=25.000 faces=10 tris=248 occt=10.0ms (build 8.3, tess 1.7) mesh=0.2ms
[BS  194.250] CHANGE da proxy: push +3.518→+3.732, h 25.000→25.000
[BS  194.260] RECOMPUTE push=+3.732 h=25.000 faces=10 tris=248 occt=10.1ms (build 8.3, tess 1.8) mesh=0.2ms
[BS  194.264] CHANGE da proxy: push +3.732→+3.786, h 25.000→25.000
[BS  194.274] RECOMPUTE push=+3.786 h=25.000 faces=10 tris=248 occt=10.0ms (build 8.3, tess 1.7) mesh=0.2ms
[BS  194.277] CHANGE da proxy: push +3.786→+3.946, h 25.000→25.000
[BS  194.287] RECOMPUTE push=+3.946 h=25.000 faces=10 tris=248 occt=10.0ms (build 8.3, tess 1.7) mesh=0.2ms
[BS  194.290] CHANGE da proxy: push +3.946→+3.998, h 25.000→25.000
[BS  194.300] RECOMPUTE push=+3.998 h=25.000 faces=10 tris=248 occt=10.1ms (build 8.3, tess 1.8) mesh=0.2ms
[BS  194.304] CHANGE da proxy: push +3.998→+4.052, h 25.000→25.000
[BS  194.314] RECOMPUTE push=+4.052 h=25.000 faces=10 tris=248 occt=10.3ms (build 8.5, tess 1.8) mesh=0.3ms
[BS  194.542] CHANGE da proxy: push +4.052→+4.050, h 25.000→25.000
[BS  194.555] RECOMPUTE push=+4.050 h=25.000 faces=10 tris=248 occt=11.6ms (build 9.3, tess 2.4) mesh=0.9ms
[BS  194.559] CHANGE da proxy: push +4.050→+4.104, h 25.000→25.000
[BS  194.569] RECOMPUTE push=+4.104 h=25.000 faces=10 tris=248 occt=10.4ms (build 8.5, tess 1.9) mesh=0.2ms
[BS  194.581] CHANGE da proxy: push +4.104→+4.158, h 25.000→25.000
[BS  194.592] RECOMPUTE push=+4.158 h=25.000 faces=10 tris=248 occt=10.6ms (build 8.5, tess 2.1) mesh=0.2ms
[BS  194.595] CHANGE da proxy: push +4.158→+4.156, h 25.000→25.000
[BS  194.605] RECOMPUTE push=+4.156 h=25.000 faces=10 tris=248 occt=10.0ms (build 8.3, tess 1.7) mesh=0.2ms
[BS  194.608] CHANGE da proxy: push +4.156→+4.210, h 25.000→25.000
[BS  194.618] RECOMPUTE push=+4.210 h=25.000 faces=10 tris=248 occt=10.1ms (build 8.4, tess 1.7) mesh=0.2ms
[BS  194.621] CHANGE da proxy: push +4.210→+4.263, h 25.000→25.000
[BS  194.632] RECOMPUTE push=+4.263 h=25.000 faces=10 tris=248 occt=10.2ms (build 8.4, tess 1.7) mesh=0.3ms
[BS  194.635] CHANGE da proxy: push +4.263→+4.476, h 25.000→25.000
[BS  194.645] RECOMPUTE push=+4.476 h=25.000 faces=10 tris=248 occt=10.1ms (build 8.3, tess 1.8) mesh=0.2ms
[BS  194.656] CHANGE da proxy: push +4.476→+4.583, h 25.000→25.000
[BS  194.666] RECOMPUTE push=+4.583 h=25.000 faces=10 tris=248 occt=10.2ms (build 8.5, tess 1.7) mesh=0.2ms
[BS  194.683] CHANGE da proxy: push +4.583→+4.636, h 25.000→25.000
[BS  194.693] RECOMPUTE push=+4.636 h=25.000 faces=10 tris=248 occt=10.2ms (build 8.5, tess 1.7) mesh=0.2ms
[BS  194.696] CHANGE da proxy: push +4.636→+4.689, h 25.000→25.000
[BS  194.706] RECOMPUTE push=+4.689 h=25.000 faces=10 tris=248 occt=10.0ms (build 8.2, tess 1.8) mesh=0.2ms
[BS  194.717] CHANGE da proxy: push +4.689→+4.742, h 25.000→25.000
[BS  194.727] RECOMPUTE push=+4.742 h=25.000 faces=10 tris=248 occt=10.2ms (build 8.5, tess 1.7) mesh=0.2ms
[BS  194.730] CHANGE da proxy: push +4.742→+4.795, h 25.000→25.000
[BS  194.740] RECOMPUTE push=+4.795 h=25.000 faces=10 tris=248 occt=10.0ms (build 8.3, tess 1.7) mesh=0.2ms
[BS  194.788] CHANGE da proxy: push +4.795→+4.849, h 25.000→25.000
[BS  194.799] RECOMPUTE push=+4.849 h=25.000 faces=10 tris=248 occt=10.6ms (build 8.6, tess 2.1) mesh=0.2ms
[BS  194.861] CHANGE da proxy: push +4.849→+4.902, h 25.000→25.000
[BS  194.872] RECOMPUTE push=+4.902 h=25.000 faces=10 tris=248 occt=10.9ms (build 8.9, tess 2.0) mesh=0.2ms
[BS  195.228] CHANGE da proxy: push +4.902→+4.849, h 25.000→25.000
[BS  195.239] RECOMPUTE push=+4.849 h=25.000 faces=10 tris=248 occt=10.4ms (build 8.5, tess 1.9) mesh=0.2ms
[BS  195.242] CHANGE da proxy: push +4.849→+4.634, h 25.000→25.000
[BS  195.253] RECOMPUTE push=+4.634 h=25.000 faces=10 tris=248 occt=10.4ms (build 8.5, tess 1.9) mesh=0.2ms
[BS  195.256] CHANGE da proxy: push +4.634→+4.366, h 25.000→25.000
[BS  195.267] RECOMPUTE push=+4.366 h=25.000 faces=10 tris=248 occt=10.4ms (build 8.4, tess 2.0) mesh=0.2ms
[BS  195.270] CHANGE da proxy: push +4.366→+3.990, h 25.000→25.000
[BS  195.282] RECOMPUTE push=+3.990 h=25.000 faces=10 tris=248 occt=11.2ms (build 9.5, tess 1.7) mesh=0.2ms
[BS  195.285] CHANGE da proxy: push +3.990→+3.559, h 25.000→25.000
[BS  195.296] RECOMPUTE push=+3.559 h=25.000 faces=10 tris=248 occt=10.1ms (build 8.4, tess 1.7) mesh=0.2ms
[BS  195.299] CHANGE da proxy: push +3.559→+3.287, h 25.000→25.000
[BS  195.310] RECOMPUTE push=+3.287 h=25.000 faces=10 tris=248 occt=11.2ms (build 9.5, tess 1.7) mesh=0.2ms
[BS  195.313] CHANGE da proxy: push +3.287→+2.908, h 25.000→25.000
[BS  195.325] RECOMPUTE push=+2.908 h=25.000 faces=10 tris=248 occt=11.3ms (build 9.3, tess 2.0) mesh=0.2ms
[BS  195.328] CHANGE da proxy: push +2.908→+2.418, h 25.000→25.000
[BS  195.339] RECOMPUTE push=+2.418 h=25.000 faces=10 tris=248 occt=10.8ms (build 9.2, tess 1.7) mesh=0.2ms
[BS  195.342] CHANGE da proxy: push +2.418→+2.091, h 25.000→25.000
[BS  195.353] RECOMPUTE push=+2.091 h=25.000 faces=10 tris=248 occt=11.0ms (build 9.3, tess 1.7) mesh=0.2ms
[BS  195.356] CHANGE da proxy: push +2.091→+1.762, h 25.000→25.000
[BS  195.367] RECOMPUTE push=+1.762 h=25.000 faces=10 tris=248 occt=10.0ms (build 8.4, tess 1.7) mesh=0.2ms
[BS  195.370] CHANGE da proxy: push +1.762→+1.488, h 25.000→25.000
[BS  195.380] RECOMPUTE push=+1.488 h=25.000 faces=10 tris=248 occt=10.0ms (build 8.2, tess 1.8) mesh=0.2ms
[BS  195.383] CHANGE da proxy: push +1.488→+1.158, h 25.000→25.000
[BS  195.393] RECOMPUTE push=+1.158 h=25.000 faces=10 tris=248 occt=9.9ms (build 8.2, tess 1.7) mesh=0.2ms
[BS  195.396] CHANGE da proxy: push +1.158→+0.937, h 25.000→25.000
[BS  195.406] RECOMPUTE push=+0.937 h=25.000 faces=10 tris=248 occt=10.3ms (build 8.4, tess 1.9) mesh=0.3ms
[BS  195.410] CHANGE da proxy: push +0.937→+0.661, h 25.000→25.000
[BS  195.420] RECOMPUTE push=+0.661 h=25.000 faces=10 tris=248 occt=10.2ms (build 8.4, tess 1.8) mesh=0.2ms
[BS  195.423] CHANGE da proxy: push +0.661→+0.439, h 25.000→25.000
[BS  195.434] RECOMPUTE push=+0.439 h=25.000 faces=10 tris=248 occt=10.2ms (build 8.5, tess 1.7) mesh=0.2ms
[BS  195.437] CHANGE da proxy: push +0.439→+0.109, h 25.000→25.000
[BS  195.447] RECOMPUTE push=+0.109 h=25.000 faces=10 tris=248 occt=10.0ms (build 8.2, tess 1.8) mesh=0.2ms
[BS  195.450] CHANGE da proxy: push +0.109→-0.114, h 25.000→25.000
[BS  195.461] RECOMPUTE push=-0.114 h=25.000 faces=9 tris=224 occt=10.5ms (build 9.0, tess 1.5) mesh=0.2ms
[BS  195.464] CHANGE da proxy: push -0.114→-0.446, h 25.000→25.000
[BS  195.475] RECOMPUTE push=-0.446 h=25.000 faces=9 tris=224 occt=10.7ms (build 9.0, tess 1.6) mesh=0.3ms
[BS  195.478] CHANGE da proxy: push -0.446→-0.725, h 25.000→25.000
[BS  195.489] RECOMPUTE push=-0.725 h=25.000 faces=9 tris=224 occt=10.6ms (build 9.1, tess 1.5) mesh=0.2ms
[BS  195.492] CHANGE da proxy: push -0.725→-1.005, h 25.000→25.000
[BS  195.503] RECOMPUTE push=-1.005 h=25.000 faces=9 tris=224 occt=10.6ms (build 9.1, tess 1.6) mesh=0.2ms
[BS  195.506] CHANGE da proxy: push -1.005→-1.399, h 25.000→25.000
[BS  195.518] RECOMPUTE push=-1.399 h=25.000 faces=9 tris=224 occt=11.6ms (build 9.8, tess 1.7) mesh=0.2ms
[BS  195.522] CHANGE da proxy: push -1.399→-1.621, h 25.000→25.000
[BS  195.533] RECOMPUTE push=-1.621 h=25.000 faces=9 tris=224 occt=11.2ms (build 9.5, tess 1.8) mesh=0.2ms
[BS  195.537] CHANGE da proxy: push -1.621→-1.847, h 25.000→25.000
[BS  195.548] RECOMPUTE push=-1.847 h=25.000 faces=9 tris=224 occt=10.8ms (build 9.1, tess 1.7) mesh=0.2ms
[BS  195.551] CHANGE da proxy: push -1.847→-2.070, h 25.000→25.000
[BS  195.562] RECOMPUTE push=-2.070 h=25.000 faces=9 tris=224 occt=10.8ms (build 9.1, tess 1.7) mesh=0.2ms
[BS  195.565] CHANGE da proxy: push -2.070→-2.466, h 25.000→25.000
[BS  195.576] RECOMPUTE push=-2.466 h=25.000 faces=9 tris=224 occt=10.7ms (build 9.1, tess 1.6) mesh=0.3ms
[BS  195.579] CHANGE da proxy: push -2.466→-2.693, h 25.000→25.000
[BS  195.590] RECOMPUTE push=-2.693 h=25.000 faces=9 tris=224 occt=10.6ms (build 9.1, tess 1.6) mesh=0.2ms
[BS  195.593] CHANGE da proxy: push -2.693→-2.918, h 25.000→25.000
[BS  195.604] RECOMPUTE push=-2.918 h=25.000 faces=9 tris=224 occt=10.8ms (build 9.2, tess 1.6) mesh=0.2ms
[BS  195.607] CHANGE da proxy: push -2.918→-3.089, h 25.000→25.000
[BS  195.618] RECOMPUTE push=-3.089 h=25.000 faces=9 tris=224 occt=10.7ms (build 9.2, tess 1.6) mesh=0.2ms
[BS  195.621] CHANGE da proxy: push -3.089→-3.143, h 25.000→25.000
[BS  195.632] RECOMPUTE push=-3.143 h=25.000 faces=9 tris=224 occt=10.8ms (build 9.2, tess 1.6) mesh=0.2ms
[BS  195.636] CHANGE da proxy: push -3.143→-3.314, h 25.000→25.000
[BS  195.647] RECOMPUTE push=-3.314 h=25.000 faces=9 tris=224 occt=10.8ms (build 9.2, tess 1.6) mesh=0.2ms
[BS  195.650] CHANGE da proxy: push -3.314→-3.371, h 25.000→25.000
[BS  195.660] RECOMPUTE push=-3.371 h=25.000 faces=9 tris=224 occt=10.6ms (build 9.1, tess 1.6) mesh=0.2ms
[BS  195.663] CHANGE da proxy: push -3.371→-3.543, h 25.000→25.000
[BS  195.674] RECOMPUTE push=-3.543 h=25.000 faces=9 tris=224 occt=10.8ms (build 9.2, tess 1.6) mesh=0.2ms
[BS  195.678] CHANGE da proxy: push -3.543→-3.714, h 25.000→25.000
[BS  195.688] RECOMPUTE push=-3.714 h=25.000 faces=9 tris=224 occt=10.5ms (build 9.0, tess 1.5) mesh=0.2ms
[BS  195.691] CHANGE da proxy: push -3.714→-3.826, h 25.000→25.000
[BS  195.702] RECOMPUTE push=-3.826 h=25.000 faces=9 tris=224 occt=10.7ms (build 9.1, tess 1.5) mesh=0.2ms
[BS  195.705] CHANGE da proxy: push -3.826→-3.998, h 25.000→25.000
[BS  195.716] RECOMPUTE push=-3.998 h=25.000 faces=9 tris=224 occt=10.7ms (build 9.2, tess 1.6) mesh=0.2ms
[BS  195.719] CHANGE da proxy: push -3.998→-4.055, h 25.000→25.000
[BS  195.730] RECOMPUTE push=-4.055 h=25.000 faces=9 tris=224 occt=10.7ms (build 9.1, tess 1.6) mesh=0.2ms
[BS  195.733] CHANGE da proxy: push -4.055→-4.113, h 25.000→25.000
[BS  195.744] RECOMPUTE push=-4.113 h=25.000 faces=9 tris=224 occt=10.9ms (build 9.3, tess 1.5) mesh=0.2ms
[BS  195.747] CHANGE da proxy: push -4.113→-4.400, h 25.000→25.000
[BS  195.758] RECOMPUTE push=-4.400 h=25.000 faces=9 tris=224 occt=10.7ms (build 9.1, tess 1.5) mesh=0.2ms
[BS  195.761] CHANGE da proxy: push -4.400→-4.458, h 25.000→25.000
[BS  195.772] RECOMPUTE push=-4.458 h=25.000 faces=9 tris=224 occt=10.7ms (build 9.1, tess 1.5) mesh=0.2ms
[BS  195.775] CHANGE da proxy: push -4.458→-4.573, h 25.000→25.000
[BS  195.786] RECOMPUTE push=-4.573 h=25.000 faces=9 tris=224 occt=10.7ms (build 9.2, tess 1.5) mesh=0.2ms
[BS  195.789] CHANGE da proxy: push -4.573→-4.746, h 25.000→25.000
[BS  195.800] RECOMPUTE push=-4.746 h=25.000 faces=9 tris=224 occt=10.9ms (build 9.3, tess 1.5) mesh=0.2ms
[BS  195.803] CHANGE da proxy: push -4.746→-4.862, h 25.000→25.000
[BS  195.814] RECOMPUTE push=-4.862 h=25.000 faces=9 tris=224 occt=10.6ms (build 9.1, tess 1.5) mesh=0.2ms
[BS  195.817] CHANGE da proxy: push -4.862→-4.920, h 25.000→25.000
[BS  195.828] RECOMPUTE push=-4.920 h=25.000 faces=9 tris=224 occt=11.0ms (build 9.2, tess 1.8) mesh=0.2ms
[BS  196.060] CHANGE da proxy: push -4.920→-4.916, h 25.000→25.000
[BS  196.072] RECOMPUTE push=-4.916 h=25.000 faces=9 tris=224 occt=11.8ms (build 9.5, tess 2.2) mesh=0.2ms
[BS  196.076] CHANGE da proxy: push -4.916→-4.627, h 25.000→25.000
[BS  196.087] RECOMPUTE push=-4.627 h=25.000 faces=9 tris=224 occt=11.1ms (build 9.1, tess 2.0) mesh=0.2ms
[BS  196.090] CHANGE da proxy: push -4.627→-4.336, h 25.000→25.000
[BS  196.103] RECOMPUTE push=-4.336 h=25.000 faces=9 tris=224 occt=12.2ms (build 10.2, tess 2.0) mesh=0.2ms
[BS  196.106] CHANGE da proxy: push -4.336→-3.930, h 25.000→25.000
[BS  196.117] RECOMPUTE push=-3.930 h=25.000 faces=9 tris=224 occt=11.0ms (build 9.2, tess 1.7) mesh=0.3ms
[BS  196.120] CHANGE da proxy: push -3.930→-3.530, h 25.000→25.000
[BS  196.131] RECOMPUTE push=-3.530 h=25.000 faces=9 tris=224 occt=11.0ms (build 9.3, tess 1.7) mesh=0.2ms
[BS  196.135] CHANGE da proxy: push -3.530→-2.786, h 25.000→25.000
[BS  196.146] RECOMPUTE push=-2.786 h=25.000 faces=9 tris=224 occt=11.1ms (build 9.3, tess 1.7) mesh=0.2ms
[BS  196.150] CHANGE da proxy: push -2.786→-2.446, h 25.000→25.000
[BS  196.161] RECOMPUTE push=-2.446 h=25.000 faces=9 tris=224 occt=11.2ms (build 9.6, tess 1.6) mesh=0.2ms
[BS  196.165] CHANGE da proxy: push -2.446→-1.881, h 25.000→25.000
[BS  196.176] RECOMPUTE push=-1.881 h=25.000 faces=9 tris=224 occt=11.2ms (build 9.5, tess 1.7) mesh=0.2ms
[BS  196.179] CHANGE da proxy: push -1.881→-1.487, h 25.000→25.000
[BS  196.191] RECOMPUTE push=-1.487 h=25.000 faces=9 tris=224 occt=11.1ms (build 9.4, tess 1.6) mesh=0.2ms
[BS  196.194] CHANGE da proxy: push -1.487→-0.982, h 25.000→25.000
[BS  196.205] RECOMPUTE push=-0.982 h=25.000 faces=9 tris=224 occt=10.9ms (build 9.3, tess 1.6) mesh=0.2ms
[BS  196.208] CHANGE da proxy: push -0.982→-0.536, h 25.000→25.000
[BS  196.219] RECOMPUTE push=-0.536 h=25.000 faces=9 tris=224 occt=10.7ms (build 9.0, tess 1.7) mesh=0.2ms
[BS  196.222] CHANGE da proxy: push -0.536→-0.424, h 25.000→25.000
[BS  196.233] RECOMPUTE push=-0.424 h=25.000 faces=9 tris=224 occt=10.6ms (build 9.0, tess 1.5) mesh=0.2ms
[BS  196.236] CHANGE da proxy: push -0.424→-0.035, h 25.000→25.000
[BS  196.247] RECOMPUTE push=-0.035 h=25.000 faces=9 tris=224 occt=10.6ms (build 9.0, tess 1.5) mesh=0.2ms
[BS  196.250] CHANGE da proxy: push -0.035→+0.463, h 25.000→25.000
[BS  196.260] RECOMPUTE push=+0.463 h=25.000 faces=10 tris=248 occt=10.1ms (build 8.3, tess 1.8) mesh=0.2ms
[BS  196.263] CHANGE da proxy: push +0.463→+0.960, h 25.000→25.000
[BS  196.273] RECOMPUTE push=+0.960 h=25.000 faces=10 tris=248 occt=9.9ms (build 8.1, tess 1.8) mesh=0.2ms
[BS  196.276] CHANGE da proxy: push +0.960→+1.180, h 25.000→25.000
[BS  196.286] RECOMPUTE push=+1.180 h=25.000 faces=10 tris=248 occt=10.0ms (build 8.3, tess 1.7) mesh=0.2ms
[BS  196.289] CHANGE da proxy: push +1.180→+1.345, h 25.000→25.000
[BS  196.300] RECOMPUTE push=+1.345 h=25.000 faces=10 tris=248 occt=9.9ms (build 8.2, tess 1.7) mesh=0.2ms
[BS  196.303] CHANGE da proxy: push +1.345→+1.783, h 25.000→25.000
[BS  196.313] RECOMPUTE push=+1.783 h=25.000 faces=10 tris=248 occt=10.1ms (build 8.3, tess 1.8) mesh=0.2ms
[BS  196.316] CHANGE da proxy: push +1.783→+2.110, h 25.000→25.000
[BS  196.326] RECOMPUTE push=+2.110 h=25.000 faces=10 tris=248 occt=10.0ms (build 8.2, tess 1.8) mesh=0.2ms
[BS  196.329] CHANGE da proxy: push +2.110→+2.654, h 25.000→25.000
[BS  196.339] RECOMPUTE push=+2.654 h=25.000 faces=10 tris=248 occt=9.9ms (build 8.1, tess 1.8) mesh=0.2ms
[BS  196.342] CHANGE da proxy: push +2.654→+3.032, h 25.000→25.000
[BS  196.353] RECOMPUTE push=+3.032 h=25.000 faces=10 tris=248 occt=9.9ms (build 8.2, tess 1.7) mesh=0.2ms
[BS  196.356] CHANGE da proxy: push +3.032→+3.194, h 25.000→25.000
[BS  196.366] RECOMPUTE push=+3.194 h=25.000 faces=10 tris=248 occt=9.8ms (build 8.2, tess 1.7) mesh=0.2ms
[BS  196.368] CHANGE da proxy: push +3.194→+3.570, h 25.000→25.000
[BS  196.379] RECOMPUTE push=+3.570 h=25.000 faces=10 tris=248 occt=9.8ms (build 8.2, tess 1.7) mesh=0.2ms
[BS  196.382] CHANGE da proxy: push +3.570→+4.265, h 25.000→25.000
[BS  196.392] RECOMPUTE push=+4.265 h=25.000 faces=10 tris=248 occt=9.8ms (build 8.2, tess 1.7) mesh=0.2ms
[BS  196.395] CHANGE da proxy: push +4.265→+4.532, h 25.000→25.000
[BS  196.405] RECOMPUTE push=+4.532 h=25.000 faces=10 tris=248 occt=10.1ms (build 8.3, tess 1.8) mesh=0.2ms
[BS  196.408] CHANGE da proxy: push +4.532→+4.744, h 25.000→25.000
[BS  196.418] RECOMPUTE push=+4.744 h=25.000 faces=10 tris=248 occt=10.0ms (build 8.3, tess 1.8) mesh=0.2ms
[BS  196.421] CHANGE da proxy: push +4.744→+5.117, h 25.000→25.000
[BS  196.432] RECOMPUTE push=+5.117 h=25.000 faces=10 tris=248 occt=10.2ms (build 8.3, tess 1.8) mesh=0.3ms
[BS  196.435] CHANGE da proxy: push +5.117→+5.435, h 25.000→25.000
[BS  196.445] RECOMPUTE push=+5.435 h=25.000 faces=10 tris=248 occt=9.8ms (build 8.0, tess 1.8) mesh=0.2ms
[BS  196.448] CHANGE da proxy: push +5.435→+5.647, h 25.000→25.000
[BS  196.458] RECOMPUTE push=+5.647 h=25.000 faces=10 tris=248 occt=9.8ms (build 8.0, tess 1.7) mesh=0.3ms
[BS  196.461] CHANGE da proxy: push +5.647→+5.753, h 25.000→25.000
[BS  196.471] RECOMPUTE push=+5.753 h=25.000 faces=10 tris=248 occt=10.1ms (build 8.3, tess 1.8) mesh=0.2ms
[BS  196.475] CHANGE da proxy: push +5.753→+5.911, h 25.000→25.000
[BS  196.485] RECOMPUTE push=+5.911 h=25.000 faces=10 tris=248 occt=9.9ms (build 8.1, tess 1.7) mesh=0.2ms
[BS  196.488] CHANGE da proxy: push +5.911→+6.017, h 25.000→25.000
[BS  196.498] RECOMPUTE push=+6.017 h=25.000 faces=10 tris=248 occt=10.1ms (build 8.2, tess 1.8) mesh=0.2ms
[BS  196.501] CHANGE da proxy: push +6.017→+6.069, h 25.000→25.000
[BS  196.512] RECOMPUTE push=+6.069 h=25.000 faces=10 tris=248 occt=10.1ms (build 8.3, tess 1.7) mesh=0.2ms
[BS  196.515] CHANGE da proxy: push +6.069→+6.122, h 25.000→25.000
[BS  196.525] RECOMPUTE push=+6.122 h=25.000 faces=10 tris=248 occt=10.0ms (build 8.2, tess 1.8) mesh=0.2ms
[BS  196.528] CHANGE da proxy: push +6.122→+6.122, h 25.000→25.000
[BS  196.538] RECOMPUTE push=+6.122 h=25.000 faces=10 tris=248 occt=9.8ms (build 8.0, tess 1.8) mesh=0.2ms
[BS  196.726] CHANGE da proxy: push +6.122→+6.069, h 25.000→25.000
[BS  196.737] RECOMPUTE push=+6.069 h=25.000 faces=10 tris=248 occt=10.7ms (build 8.5, tess 2.2) mesh=0.3ms
[BS  196.741] CHANGE da proxy: push +6.069→+5.910, h 25.000→25.000
[BS  196.752] RECOMPUTE push=+5.910 h=25.000 faces=10 tris=248 occt=11.0ms (build 8.9, tess 2.1) mesh=0.3ms
[BS  196.756] CHANGE da proxy: push +5.910→+5.751, h 25.000→25.000
[BS  196.767] RECOMPUTE push=+5.751 h=25.000 faces=10 tris=248 occt=10.4ms (build 8.6, tess 1.7) mesh=0.2ms
[BS  196.770] CHANGE da proxy: push +5.751→+5.486, h 25.000→25.000
[BS  196.781] RECOMPUTE push=+5.486 h=25.000 faces=10 tris=248 occt=10.5ms (build 8.8, tess 1.7) mesh=0.5ms
[BS  196.785] CHANGE da proxy: push +5.486→+5.326, h 25.000→25.000
[BS  196.797] RECOMPUTE push=+5.326 h=25.000 faces=10 tris=248 occt=11.2ms (build 9.4, tess 1.8) mesh=0.2ms
[BS  196.800] CHANGE da proxy: push +5.326→+4.792, h 25.000→25.000
[BS  196.811] RECOMPUTE push=+4.792 h=25.000 faces=10 tris=248 occt=10.6ms (build 8.7, tess 1.9) mesh=0.3ms
[BS  196.815] CHANGE da proxy: push +4.792→+4.632, h 25.000→25.000
[BS  196.827] RECOMPUTE push=+4.632 h=25.000 faces=10 tris=248 occt=11.3ms (build 9.5, tess 1.8) mesh=0.2ms
[BS  196.830] CHANGE da proxy: push +4.632→+4.148, h 25.000→25.000
[BS  196.841] RECOMPUTE push=+4.148 h=25.000 faces=10 tris=248 occt=10.2ms (build 8.4, tess 1.8) mesh=0.2ms
[BS  196.844] CHANGE da proxy: push +4.148→+3.771, h 25.000→25.000
[BS  196.854] RECOMPUTE push=+3.771 h=25.000 faces=10 tris=248 occt=10.0ms (build 8.3, tess 1.7) mesh=0.2ms
[BS  196.857] CHANGE da proxy: push +3.771→+3.447, h 25.000→25.000
[BS  196.868] RECOMPUTE push=+3.447 h=25.000 faces=10 tris=248 occt=10.3ms (build 8.4, tess 1.9) mesh=0.2ms
[BS  196.871] CHANGE da proxy: push +3.447→+3.230, h 25.000→25.000
[BS  196.881] RECOMPUTE push=+3.230 h=25.000 faces=10 tris=248 occt=10.1ms (build 8.2, tess 1.9) mesh=0.2ms
[BS  196.884] CHANGE da proxy: push +3.230→+2.795, h 25.000→25.000
[BS  196.895] RECOMPUTE push=+2.795 h=25.000 faces=10 tris=248 occt=10.1ms (build 8.4, tess 1.7) mesh=0.2ms
[BS  196.898] CHANGE da proxy: push +2.795→+2.522, h 25.000→25.000
[BS  196.908] RECOMPUTE push=+2.522 h=25.000 faces=10 tris=248 occt=10.3ms (build 8.5, tess 1.8) mesh=0.3ms
[BS  196.912] CHANGE da proxy: push +2.522→+2.140, h 25.000→25.000
[BS  196.923] RECOMPUTE push=+2.140 h=25.000 faces=10 tris=248 occt=10.3ms (build 8.4, tess 1.9) mesh=0.2ms
[BS  196.926] CHANGE da proxy: push +2.140→+2.031, h 25.000→25.000
[BS  196.937] RECOMPUTE push=+2.031 h=25.000 faces=10 tris=248 occt=10.2ms (build 8.4, tess 1.8) mesh=0.2ms
[BS  196.940] CHANGE da proxy: push +2.031→+1.537, h 25.000→25.000
[BS  196.950] RECOMPUTE push=+1.537 h=25.000 faces=10 tris=248 occt=10.3ms (build 8.4, tess 1.8) mesh=0.2ms
[BS  196.957] CHANGE da proxy: push +1.537→+1.152, h 25.000→25.000
[BS  196.967] RECOMPUTE push=+1.152 h=25.000 faces=10 tris=248 occt=10.2ms (build 8.4, tess 1.9) mesh=0.2ms
[BS  196.971] CHANGE da proxy: push +1.152→+0.375, h 25.000→25.000
[BS  196.981] RECOMPUTE push=+0.375 h=25.000 faces=10 tris=248 occt=10.2ms (build 8.5, tess 1.8) mesh=0.2ms
[BS  196.984] CHANGE da proxy: push +0.375→-0.072, h 25.000→25.000
[BS  196.995] RECOMPUTE push=-0.072 h=25.000 faces=9 tris=224 occt=10.9ms (build 9.3, tess 1.6) mesh=0.2ms
[BS  196.998] CHANGE da proxy: push -0.072→-0.860, h 25.000→25.000
[BS  197.009] RECOMPUTE push=-0.860 h=25.000 faces=9 tris=224 occt=10.5ms (build 8.9, tess 1.6) mesh=0.2ms
[BS  197.012] CHANGE da proxy: push -0.860→-1.310, h 25.000→25.000
[BS  197.023] RECOMPUTE push=-1.310 h=25.000 faces=9 tris=224 occt=10.7ms (build 9.2, tess 1.5) mesh=0.2ms
[BS  197.026] CHANGE da proxy: push -1.310→-1.708, h 25.000→25.000
[BS  197.037] RECOMPUTE push=-1.708 h=25.000 faces=9 tris=224 occt=10.8ms (build 9.1, tess 1.6) mesh=0.2ms
[BS  197.040] CHANGE da proxy: push -1.708→-2.107, h 25.000→25.000
[BS  197.051] RECOMPUTE push=-2.107 h=25.000 faces=9 tris=224 occt=10.8ms (build 9.2, tess 1.6) mesh=0.2ms
[BS  197.055] CHANGE da proxy: push -2.107→-2.679, h 25.000→25.000
[BS  197.066] RECOMPUTE push=-2.679 h=25.000 faces=9 tris=224 occt=10.7ms (build 9.1, tess 1.6) mesh=0.2ms
[BS  197.069] CHANGE da proxy: push -2.679→-2.850, h 25.000→25.000
[BS  197.080] RECOMPUTE push=-2.850 h=25.000 faces=9 tris=224 occt=10.7ms (build 9.1, tess 1.6) mesh=0.2ms
[BS  197.083] CHANGE da proxy: push -2.850→-3.079, h 25.000→25.000
[BS  197.094] RECOMPUTE push=-3.079 h=25.000 faces=9 tris=224 occt=10.6ms (build 9.0, tess 1.5) mesh=0.2ms
[BS  197.097] CHANGE da proxy: push -3.079→-3.713, h 25.000→25.000
[BS  197.108] RECOMPUTE push=-3.713 h=25.000 faces=9 tris=224 occt=11.1ms (build 9.1, tess 1.9) mesh=0.2ms
[BS  197.111] CHANGE da proxy: push -3.713→-4.058, h 25.000→25.000
[BS  197.122] RECOMPUTE push=-4.058 h=25.000 faces=9 tris=224 occt=10.9ms (build 9.2, tess 1.7) mesh=0.2ms
[BS  197.125] CHANGE da proxy: push -4.058→-4.408, h 25.000→25.000
[BS  197.136] RECOMPUTE push=-4.408 h=25.000 faces=9 tris=224 occt=10.7ms (build 9.2, tess 1.6) mesh=0.2ms
[BS  197.139] CHANGE da proxy: push -4.408→-4.702, h 25.000→25.000
[BS  197.150] RECOMPUTE push=-4.702 h=25.000 faces=9 tris=224 occt=10.9ms (build 9.3, tess 1.6) mesh=0.2ms
[BS  197.161] CHANGE da proxy: push -4.702→-4.760, h 25.000→25.000
[BS  197.172] RECOMPUTE push=-4.760 h=25.000 faces=9 tris=224 occt=11.0ms (build 9.3, tess 1.7) mesh=0.2ms
[BS  197.176] CHANGE da proxy: push -4.760→-4.876, h 25.000→25.000
[BS  197.187] RECOMPUTE push=-4.876 h=25.000 faces=9 tris=224 occt=10.7ms (build 9.1, tess 1.6) mesh=0.2ms
[BS  197.210] CHANGE da proxy: push -4.876→-4.934, h 25.000→25.000
[BS  197.221] RECOMPUTE push=-4.934 h=25.000 faces=9 tris=224 occt=11.2ms (build 9.5, tess 1.6) mesh=0.3ms
[BS  198.639] CHANGE da proxy: push -4.934→-4.760, h 25.000→25.000
[BS  198.651] RECOMPUTE push=-4.760 h=25.000 faces=9 tris=224 occt=11.5ms (build 9.7, tess 1.8) mesh=0.3ms
[BS  198.654] CHANGE da proxy: push -4.760→-4.408, h 25.000→25.000
[BS  198.666] RECOMPUTE push=-4.408 h=25.000 faces=9 tris=224 occt=11.1ms (build 9.1, tess 2.0) mesh=0.3ms
[BS  198.669] CHANGE da proxy: push -4.408→-4.058, h 25.000→25.000
[BS  198.682] RECOMPUTE push=-4.058 h=25.000 faces=9 tris=224 occt=12.4ms (build 10.5, tess 1.9) mesh=0.2ms
[BS  198.685] CHANGE da proxy: push -4.058→-3.713, h 25.000→25.000
[BS  198.696] RECOMPUTE push=-3.713 h=25.000 faces=9 tris=224 occt=10.7ms (build 9.1, tess 1.7) mesh=0.2ms
[BS  198.700] CHANGE da proxy: push -3.713→-3.193, h 25.000→25.000
[BS  198.711] RECOMPUTE push=-3.193 h=25.000 faces=9 tris=224 occt=10.9ms (build 9.1, tess 1.8) mesh=0.2ms
[BS  198.714] CHANGE da proxy: push -3.193→-3.021, h 25.000→25.000
[BS  198.725] RECOMPUTE push=-3.021 h=25.000 faces=9 tris=224 occt=11.0ms (build 9.3, tess 1.7) mesh=0.2ms
[BS  198.729] CHANGE da proxy: push -3.021→-2.107, h 25.000→25.000
[BS  198.741] RECOMPUTE push=-2.107 h=25.000 faces=9 tris=224 occt=11.9ms (build 10.1, tess 1.8) mesh=0.2ms
[BS  198.744] CHANGE da proxy: push -2.107→-1.767, h 25.000→25.000
[BS  198.755] RECOMPUTE push=-1.767 h=25.000 faces=9 tris=224 occt=10.8ms (build 9.2, tess 1.6) mesh=0.2ms
[BS  198.759] CHANGE da proxy: push -1.767→-1.090, h 25.000→25.000
[BS  198.771] RECOMPUTE push=-1.090 h=25.000 faces=9 tris=224 occt=11.7ms (build 10.1, tess 1.6) mesh=0.2ms
[BS  198.774] CHANGE da proxy: push -1.090→-0.641, h 25.000→25.000
[BS  198.785] RECOMPUTE push=-0.641 h=25.000 faces=9 tris=224 occt=10.7ms (build 9.0, tess 1.7) mesh=0.2ms
[BS  198.788] CHANGE da proxy: push -0.641→-0.082, h 25.000→25.000
[BS  198.799] RECOMPUTE push=-0.082 h=25.000 faces=9 tris=224 occt=10.6ms (build 9.1, tess 1.5) mesh=0.2ms
[BS  198.810] CHANGE da proxy: push -0.082→+0.420, h 25.000→25.000
[BS  198.820] RECOMPUTE push=+0.420 h=25.000 faces=10 tris=248 occt=10.4ms (build 8.4, tess 2.0) mesh=0.2ms
[BS  198.823] CHANGE da proxy: push +0.420→+0.697, h 25.000→25.000
[BS  198.834] RECOMPUTE push=+0.697 h=25.000 faces=10 tris=248 occt=10.4ms (build 8.5, tess 1.9) mesh=0.2ms
[BS  198.837] CHANGE da proxy: push +0.697→+0.974, h 25.000→25.000
[BS  198.848] RECOMPUTE push=+0.974 h=25.000 faces=10 tris=248 occt=10.2ms (build 8.3, tess 1.8) mesh=0.2ms
[BS  198.851] CHANGE da proxy: push +0.974→+1.360, h 25.000→25.000
[BS  198.861] RECOMPUTE push=+1.360 h=25.000 faces=10 tris=248 occt=10.1ms (build 8.3, tess 1.7) mesh=0.2ms
[BS  198.864] CHANGE da proxy: push +1.360→+1.910, h 25.000→25.000
[BS  198.874] RECOMPUTE push=+1.910 h=25.000 faces=10 tris=248 occt=10.1ms (build 8.4, tess 1.7) mesh=0.2ms
[BS  198.877] CHANGE da proxy: push +1.910→+2.075, h 25.000→25.000
[BS  198.888] RECOMPUTE push=+2.075 h=25.000 faces=10 tris=248 occt=10.1ms (build 8.4, tess 1.7) mesh=0.2ms
[BS  198.891] CHANGE da proxy: push +2.075→+2.512, h 25.000→25.000
[BS  198.901] RECOMPUTE push=+2.512 h=25.000 faces=10 tris=248 occt=10.0ms (build 8.3, tess 1.7) mesh=0.2ms
[BS  198.904] CHANGE da proxy: push +2.512→+2.622, h 25.000→25.000
[BS  198.915] RECOMPUTE push=+2.622 h=25.000 faces=10 tris=248 occt=10.1ms (build 8.4, tess 1.7) mesh=0.2ms
[BS  198.918] CHANGE da proxy: push +2.622→+2.894, h 25.000→25.000
[BS  198.928] RECOMPUTE push=+2.894 h=25.000 faces=10 tris=248 occt=10.2ms (build 8.5, tess 1.7) mesh=0.2ms
[BS  198.931] CHANGE da proxy: push +2.894→+3.383, h 25.000→25.000
[BS  198.941] RECOMPUTE push=+3.383 h=25.000 faces=10 tris=248 occt=10.0ms (build 8.3, tess 1.7) mesh=0.2ms
[BS  198.945] CHANGE da proxy: push +3.383→+3.545, h 25.000→25.000
[BS  198.955] RECOMPUTE push=+3.545 h=25.000 faces=10 tris=248 occt=9.9ms (build 8.2, tess 1.7) mesh=0.2ms
[BS  198.958] CHANGE da proxy: push +3.545→+3.763, h 25.000→25.000
[BS  198.968] RECOMPUTE push=+3.763 h=25.000 faces=10 tris=248 occt=9.9ms (build 8.2, tess 1.7) mesh=0.2ms
[BS  198.971] CHANGE da proxy: push +3.763→+4.033, h 25.000→25.000
[BS  198.982] RECOMPUTE push=+4.033 h=25.000 faces=10 tris=248 occt=10.4ms (build 8.3, tess 2.1) mesh=0.2ms
[BS  198.985] CHANGE da proxy: push +4.033→+4.516, h 25.000→25.000
[BS  198.995] RECOMPUTE push=+4.516 h=25.000 faces=10 tris=248 occt=10.1ms (build 8.3, tess 1.8) mesh=0.2ms
[BS  198.998] CHANGE da proxy: push +4.516→+4.840, h 25.000→25.000
[BS  199.008] RECOMPUTE push=+4.840 h=25.000 faces=10 tris=248 occt=10.0ms (build 8.3, tess 1.7) mesh=0.2ms
[BS  199.011] CHANGE da proxy: push +4.840→+4.947, h 25.000→25.000
[BS  199.021] RECOMPUTE push=+4.947 h=25.000 faces=10 tris=248 occt=9.9ms (build 8.2, tess 1.6) mesh=0.2ms
[BS  199.024] CHANGE da proxy: push +4.947→+5.268, h 25.000→25.000
[BS  199.035] RECOMPUTE push=+5.268 h=25.000 faces=10 tris=248 occt=10.0ms (build 8.2, tess 1.8) mesh=0.2ms
[BS  199.038] CHANGE da proxy: push +5.268→+5.534, h 25.000→25.000
[BS  199.048] RECOMPUTE push=+5.534 h=25.000 faces=10 tris=248 occt=9.9ms (build 8.2, tess 1.7) mesh=0.2ms
[BS  199.051] CHANGE da proxy: push +5.534→+5.855, h 25.000→25.000
[BS  199.061] RECOMPUTE push=+5.855 h=25.000 faces=10 tris=248 occt=9.9ms (build 8.2, tess 1.7) mesh=0.2ms
[BS  199.064] CHANGE da proxy: push +5.855→+6.066, h 25.000→25.000
[BS  199.074] RECOMPUTE push=+6.066 h=25.000 faces=10 tris=248 occt=9.9ms (build 8.2, tess 1.8) mesh=0.2ms
[BS  199.077] CHANGE da proxy: push +6.066→+6.332, h 25.000→25.000
[BS  199.088] RECOMPUTE push=+6.332 h=25.000 faces=10 tris=248 occt=10.1ms (build 8.3, tess 1.8) mesh=0.2ms
[BS  199.091] CHANGE da proxy: push +6.332→+6.649, h 25.000→25.000
[BS  199.101] RECOMPUTE push=+6.649 h=25.000 faces=10 tris=248 occt=9.8ms (build 8.0, tess 1.7) mesh=0.2ms
[BS  199.104] CHANGE da proxy: push +6.649→+6.964, h 25.000→25.000
[BS  199.114] RECOMPUTE push=+6.964 h=25.000 faces=10 tris=248 occt=9.8ms (build 8.1, tess 1.7) mesh=0.2ms
[BS  199.117] CHANGE da proxy: push +6.964→+7.122, h 25.000→25.000
[BS  199.127] RECOMPUTE push=+7.122 h=25.000 faces=10 tris=248 occt=9.8ms (build 8.1, tess 1.7) mesh=0.2ms
[BS  199.130] CHANGE da proxy: push +7.122→+7.280, h 25.000→25.000
[BS  199.140] RECOMPUTE push=+7.280 h=25.000 faces=10 tris=248 occt=10.0ms (build 8.3, tess 1.7) mesh=0.2ms
[BS  199.143] CHANGE da proxy: push +7.280→+7.541, h 25.000→25.000
[BS  199.154] RECOMPUTE push=+7.541 h=25.000 faces=10 tris=248 occt=10.1ms (build 8.2, tess 1.8) mesh=0.2ms
[BS  199.157] CHANGE da proxy: push +7.541→+7.802, h 25.000→25.000
[BS  199.167] RECOMPUTE push=+7.802 h=25.000 faces=10 tris=248 occt=10.0ms (build 8.2, tess 1.8) mesh=0.2ms
[BS  199.170] CHANGE da proxy: push +7.802→+8.010, h 25.000→25.000
[BS  199.181] RECOMPUTE push=+8.010 h=25.000 faces=10 tris=248 occt=10.0ms (build 8.2, tess 1.8) mesh=0.2ms
[BS  199.184] CHANGE da proxy: push +8.010→+8.114, h 25.000→25.000
[BS  199.194] RECOMPUTE push=+8.114 h=25.000 faces=10 tris=248 occt=9.8ms (build 8.2, tess 1.6) mesh=0.2ms
[BS  199.197] CHANGE da proxy: push +8.114→+8.270, h 25.000→25.000
[BS  199.207] RECOMPUTE push=+8.270 h=25.000 faces=10 tris=248 occt=10.2ms (build 8.1, tess 2.1) mesh=0.2ms
[BS  199.211] CHANGE da proxy: push +8.270→+8.373, h 25.000→25.000
[BS  199.221] RECOMPUTE push=+8.373 h=25.000 faces=10 tris=248 occt=10.3ms (build 8.4, tess 1.8) mesh=0.3ms
[BS  199.224] CHANGE da proxy: push +8.373→+8.477, h 25.000→25.000
[BS  199.235] RECOMPUTE push=+8.477 h=25.000 faces=10 tris=248 occt=10.2ms (build 8.3, tess 1.8) mesh=0.2ms
[BS  199.263] CHANGE da proxy: push +8.477→+8.528, h 25.000→25.000
[BS  199.274] RECOMPUTE push=+8.528 h=25.000 faces=10 tris=248 occt=10.3ms (build 8.4, tess 1.9) mesh=0.2ms
[BS  199.402] CHANGE da proxy: push +8.528→+8.477, h 25.000→25.000
[BS  199.413] RECOMPUTE push=+8.477 h=25.000 faces=10 tris=248 occt=11.2ms (build 9.1, tess 2.1) mesh=0.3ms
[BS  199.417] CHANGE da proxy: push +8.477→+8.373, h 25.000→25.000
[BS  199.428] RECOMPUTE push=+8.373 h=25.000 faces=10 tris=248 occt=10.2ms (build 8.4, tess 1.8) mesh=0.2ms
[BS  199.431] CHANGE da proxy: push +8.373→+8.270, h 25.000→25.000
[BS  199.441] RECOMPUTE push=+8.270 h=25.000 faces=10 tris=248 occt=9.9ms (build 8.2, tess 1.7) mesh=0.2ms
[BS  199.444] CHANGE da proxy: push +8.270→+8.166, h 25.000→25.000
[BS  199.455] RECOMPUTE push=+8.166 h=25.000 faces=10 tris=248 occt=9.9ms (build 8.2, tess 1.7) mesh=0.4ms
[BS  199.458] CHANGE da proxy: push +8.166→+8.011, h 25.000→25.000
[BS  199.468] RECOMPUTE push=+8.011 h=25.000 faces=10 tris=248 occt=10.0ms (build 8.3, tess 1.7) mesh=0.2ms
[BS  199.471] CHANGE da proxy: push +8.011→+7.751, h 25.000→25.000
[BS  199.481] RECOMPUTE push=+7.751 h=25.000 faces=10 tris=248 occt=10.1ms (build 8.3, tess 1.7) mesh=0.2ms
[BS  199.484] CHANGE da proxy: push +7.751→+7.698, h 25.000→25.000
[BS  199.495] RECOMPUTE push=+7.698 h=25.000 faces=10 tris=248 occt=10.1ms (build 8.4, tess 1.7) mesh=0.2ms
[BS  199.498] CHANGE da proxy: push +7.698→+7.438, h 25.000→25.000
[BS  199.508] RECOMPUTE push=+7.438 h=25.000 faces=10 tris=248 occt=9.9ms (build 8.2, tess 1.8) mesh=0.2ms
[BS  199.511] CHANGE da proxy: push +7.438→+7.229, h 25.000→25.000
[BS  199.522] RECOMPUTE push=+7.229 h=25.000 faces=10 tris=248 occt=11.0ms (build 9.3, tess 1.7) mesh=0.2ms
[BS  199.525] CHANGE da proxy: push +7.229→+6.862, h 25.000→25.000
[BS  199.535] RECOMPUTE push=+6.862 h=25.000 faces=10 tris=248 occt=9.9ms (build 8.2, tess 1.7) mesh=0.2ms
[BS  199.538] CHANGE da proxy: push +6.862→+6.652, h 25.000→25.000
[BS  199.549] RECOMPUTE push=+6.652 h=25.000 faces=10 tris=248 occt=10.0ms (build 8.1, tess 1.9) mesh=0.2ms
[BS  199.552] CHANGE da proxy: push +6.652→+6.546, h 25.000→25.000
[BS  199.562] RECOMPUTE push=+6.546 h=25.000 faces=10 tris=248 occt=9.9ms (build 8.2, tess 1.7) mesh=0.2ms
[BS  199.565] CHANGE da proxy: push +6.546→+6.282, h 25.000→25.000
[BS  199.575] RECOMPUTE push=+6.282 h=25.000 faces=10 tris=248 occt=9.8ms (build 8.2, tess 1.7) mesh=0.2ms
[BS  199.578] CHANGE da proxy: push +6.282→+5.701, h 25.000→25.000
[BS  199.588] RECOMPUTE push=+5.701 h=25.000 faces=10 tris=248 occt=9.9ms (build 8.2, tess 1.7) mesh=0.2ms
[BS  199.591] CHANGE da proxy: push +5.701→+5.328, h 25.000→25.000
[BS  199.601] RECOMPUTE push=+5.328 h=25.000 faces=10 tris=248 occt=9.8ms (build 8.1, tess 1.7) mesh=0.2ms
[BS  199.604] CHANGE da proxy: push +5.328→+5.222, h 25.000→25.000
[BS  199.614] RECOMPUTE push=+5.222 h=25.000 faces=10 tris=248 occt=9.9ms (build 8.2, tess 1.7) mesh=0.2ms
[BS  199.617] CHANGE da proxy: push +5.222→+4.901, h 25.000→25.000
[BS  199.627] RECOMPUTE push=+4.901 h=25.000 faces=10 tris=248 occt=9.8ms (build 8.1, tess 1.7) mesh=0.2ms
[BS  199.630] CHANGE da proxy: push +4.901→+4.580, h 25.000→25.000
[BS  199.641] RECOMPUTE push=+4.580 h=25.000 faces=10 tris=248 occt=10.1ms (build 8.3, tess 1.8) mesh=0.2ms
[BS  199.644] CHANGE da proxy: push +4.580→+4.259, h 25.000→25.000
[BS  199.654] RECOMPUTE push=+4.259 h=25.000 faces=10 tris=248 occt=10.0ms (build 8.3, tess 1.7) mesh=0.2ms
[BS  199.657] CHANGE da proxy: push +4.259→+3.774, h 25.000→25.000
[BS  199.667] RECOMPUTE push=+3.774 h=25.000 faces=10 tris=248 occt=9.9ms (build 8.2, tess 1.6) mesh=0.2ms
[BS  199.670] CHANGE da proxy: push +3.774→+3.558, h 25.000→25.000
[BS  199.681] RECOMPUTE push=+3.558 h=25.000 faces=10 tris=248 occt=10.0ms (build 8.3, tess 1.7) mesh=0.2ms
[BS  199.684] CHANGE da proxy: push +3.558→+2.798, h 25.000→25.000
[BS  199.694] RECOMPUTE push=+2.798 h=25.000 faces=10 tris=248 occt=9.9ms (build 8.2, tess 1.7) mesh=0.2ms
[BS  199.697] CHANGE da proxy: push +2.798→+2.197, h 25.000→25.000
[BS  199.707] RECOMPUTE push=+2.197 h=25.000 faces=10 tris=248 occt=9.9ms (build 8.3, tess 1.7) mesh=0.2ms
[BS  199.710] CHANGE da proxy: push +2.197→+1.649, h 25.000→25.000
[BS  199.720] RECOMPUTE push=+1.649 h=25.000 faces=10 tris=248 occt=9.9ms (build 8.3, tess 1.6) mesh=0.2ms
[BS  199.723] CHANGE da proxy: push +1.649→+1.484, h 25.000→25.000
[BS  199.734] RECOMPUTE push=+1.484 h=25.000 faces=10 tris=248 occt=10.1ms (build 8.3, tess 1.8) mesh=0.2ms
[BS  199.737] CHANGE da proxy: push +1.484→+0.986, h 25.000→25.000
[BS  199.747] RECOMPUTE push=+0.986 h=25.000 faces=10 tris=248 occt=10.0ms (build 8.3, tess 1.7) mesh=0.2ms
[BS  199.750] CHANGE da proxy: push +0.986→+0.544, h 25.000→25.000
[BS  199.760] RECOMPUTE push=+0.544 h=25.000 faces=10 tris=248 occt=10.2ms (build 8.4, tess 1.8) mesh=0.2ms
[BS  199.764] CHANGE da proxy: push +0.544→+0.211, h 25.000→25.000
[BS  199.774] RECOMPUTE push=+0.211 h=25.000 faces=10 tris=248 occt=10.1ms (build 8.3, tess 1.8) mesh=0.2ms
[BS  199.778] CHANGE da proxy: push +0.211→-0.402, h 25.000→25.000
[BS  199.788] RECOMPUTE push=-0.402 h=25.000 faces=9 tris=224 occt=10.5ms (build 9.0, tess 1.5) mesh=0.2ms
[BS  199.791] CHANGE da proxy: push -0.402→-0.626, h 25.000→25.000
[BS  199.803] RECOMPUTE push=-0.626 h=25.000 faces=9 tris=224 occt=10.9ms (build 9.2, tess 1.8) mesh=0.2ms
[BS  199.806] CHANGE da proxy: push -0.626→-1.412, h 25.000→25.000
[BS  199.816] RECOMPUTE push=-1.412 h=25.000 faces=9 tris=224 occt=10.5ms (build 9.0, tess 1.5) mesh=0.2ms
[BS  199.819] CHANGE da proxy: push -1.412→-1.920, h 25.000→25.000
[BS  199.830] RECOMPUTE push=-1.920 h=25.000 faces=9 tris=224 occt=10.7ms (build 9.1, tess 1.6) mesh=0.2ms
[BS  199.833] CHANGE da proxy: push -1.920→-2.715, h 25.000→25.000
[BS  199.844] RECOMPUTE push=-2.715 h=25.000 faces=9 tris=224 occt=10.8ms (build 9.2, tess 1.6) mesh=0.2ms
[BS  199.847] CHANGE da proxy: push -2.715→-3.171, h 25.000→25.000
[BS  199.858] RECOMPUTE push=-3.171 h=25.000 faces=9 tris=224 occt=10.7ms (build 9.1, tess 1.6) mesh=0.2ms
[BS  199.862] CHANGE da proxy: push -3.171→-3.629, h 25.000→25.000
[BS  199.873] RECOMPUTE push=-3.629 h=25.000 faces=9 tris=224 occt=11.4ms (build 9.5, tess 1.9) mesh=0.2ms
[BS  199.877] CHANGE da proxy: push -3.629→-4.493, h 25.000→25.000
[BS  199.888] RECOMPUTE push=-4.493 h=25.000 faces=9 tris=224 occt=11.0ms (build 9.4, tess 1.6) mesh=0.2ms
[BS  199.891] CHANGE da proxy: push -4.493→-5.479, h 25.000→25.000
[BS  199.902] RECOMPUTE push=-5.479 h=25.000 faces=9 tris=224 occt=11.0ms (build 9.3, tess 1.7) mesh=0.2ms
[BS  199.906] CHANGE da proxy: push -5.479→-6.473, h 25.000→25.000
[BS  199.917] RECOMPUTE push=-6.473 h=25.000 faces=9 tris=224 occt=11.0ms (build 9.3, tess 1.7) mesh=0.2ms
[BS  199.921] CHANGE da proxy: push -6.473→-7.361, h 25.000→25.000
[BS  199.932] RECOMPUTE push=-7.361 h=25.000 faces=9 tris=224 occt=10.8ms (build 9.1, tess 1.7) mesh=0.2ms
[BS  199.935] CHANGE da proxy: push -7.361→-8.311, h 25.000→25.000
[BS  199.946] RECOMPUTE push=-8.311 h=25.000 faces=9 tris=224 occt=10.9ms (build 9.2, tess 1.7) mesh=0.2ms
[BS  199.949] CHANGE da proxy: push -8.311→-9.029, h 25.000→25.000
[BS  199.961] RECOMPUTE push=-9.029 h=25.000 faces=9 tris=224 occt=11.4ms (build 9.8, tess 1.7) mesh=0.2ms
[BS  199.964] CHANGE da proxy: push -9.029→-9.992, h 25.000→25.000
[BS  199.976] RECOMPUTE push=-9.992 h=25.000 faces=9 tris=224 occt=11.1ms (build 9.2, tess 1.8) mesh=0.2ms
[BS  199.979] CHANGE da proxy: push -9.992→-10.962, h 25.000→25.000
[BS  199.990] RECOMPUTE push=-10.962 h=25.000 faces=9 tris=224 occt=11.0ms (build 9.3, tess 1.7) mesh=0.2ms
[BS  199.993] CHANGE da proxy: push -10.962→-12.002, h 25.000→25.000
[BS  200.005] RECOMPUTE push=-12.002 h=25.000 faces=9 tris=224 occt=11.0ms (build 9.4, tess 1.6) mesh=0.2ms
[BS  200.008] CHANGE da proxy: push -12.002→-13.050, h 25.000→25.000
[BS  200.019] RECOMPUTE push=-13.050 h=25.000 faces=9 tris=224 occt=10.7ms (build 9.1, tess 1.6) mesh=0.2ms
[BS  200.022] CHANGE da proxy: push -13.050→-14.038, h 25.000→25.000
[BS  200.033] RECOMPUTE push=-14.038 h=25.000 faces=9 tris=224 occt=10.8ms (build 9.1, tess 1.7) mesh=0.2ms
[BS  200.036] CHANGE da proxy: push -14.038→-15.467, h 25.000→25.000
[BS  200.048] RECOMPUTE push=-15.467 h=25.000 faces=9 tris=224 occt=11.0ms (build 9.2, tess 1.8) mesh=0.2ms
[BS  200.051] CHANGE da proxy: push -15.467→-16.473, h 25.000→25.000
[BS  200.062] RECOMPUTE push=-16.473 h=25.000 faces=9 tris=224 occt=11.1ms (build 9.4, tess 1.6) mesh=0.2ms
[BS  200.066] CHANGE da proxy: push -16.473→-17.423, h 25.000→25.000
[BS  200.077] RECOMPUTE push=-17.423 h=25.000 faces=9 tris=224 occt=11.1ms (build 9.5, tess 1.7) mesh=0.2ms
[BS  200.080] CHANGE da proxy: push -17.423→-18.443, h 25.000→25.000
[BS  200.092] RECOMPUTE push=-18.443 h=25.000 faces=9 tris=224 occt=11.2ms (build 9.6, tess 1.7) mesh=0.2ms
[BS  200.095] CHANGE da proxy: push -18.443→-19.406, h 25.000→25.000
[BS  200.106] RECOMPUTE push=-19.406 h=25.000 faces=9 tris=224 occt=11.0ms (build 9.4, tess 1.6) mesh=0.2ms
[BS  200.109] CHANGE da proxy: push -19.406→-20.376, h 25.000→25.000
[BS  200.120] RECOMPUTE push=-20.376 h=25.000 faces=3 tris=164 occt=10.2ms (build 9.1, tess 1.0) mesh=0.2ms
[BS  200.123] CHANGE da proxy: push -20.376→-21.278, h 25.000→25.000
[BS  200.133] RECOMPUTE push=-21.278 h=25.000 faces=3 tris=164 occt=10.3ms (build 9.2, tess 1.1) mesh=0.2ms
[BS  200.137] CHANGE da proxy: push -21.278→-21.930, h 25.000→25.000
[BS  200.148] RECOMPUTE push=-21.930 h=25.000 faces=3 tris=164 occt=10.6ms (build 9.6, tess 1.0) mesh=0.2ms
[BS  200.151] CHANGE da proxy: push -21.930→-22.775, h 25.000→25.000
[BS  200.162] RECOMPUTE push=-22.775 h=25.000 faces=3 tris=164 occt=10.5ms (build 9.5, tess 1.0) mesh=0.2ms
[BS  200.166] CHANGE da proxy: push -22.775→-23.224, h 25.000→25.000
[BS  200.176] RECOMPUTE push=-23.224 h=25.000 faces=3 tris=164 occt=10.2ms (build 9.2, tess 1.0) mesh=0.2ms
[BS  200.179] CHANGE da proxy: push -23.224→-24.076, h 25.000→25.000
[BS  200.189] RECOMPUTE push=-24.076 h=25.000 faces=3 tris=164 occt=10.1ms (build 9.1, tess 1.0) mesh=0.2ms
[BS  200.192] CHANGE da proxy: push -24.076→-24.538, h 25.000→25.000
[BS  200.203] RECOMPUTE push=-24.538 h=25.000 faces=3 tris=164 occt=10.3ms (build 9.3, tess 1.1) mesh=0.2ms
[BS  200.206] CHANGE da proxy: push -24.538→-24.924, h 25.000→25.000
[BS  200.217] RECOMPUTE push=-24.924 h=25.000 faces=3 tris=164 occt=10.4ms (build 9.4, tess 1.0) mesh=0.2ms
[BS  200.220] CHANGE da proxy: push -24.924→-25.252, h 25.000→25.000
[BS  200.231] RECOMPUTE push=-25.252 h=25.000 faces=3 tris=164 occt=10.6ms (build 9.6, tess 1.0) mesh=0.2ms
[BS  200.234] CHANGE da proxy: push -25.252→-25.320, h 25.000→25.000
[BS  200.244] RECOMPUTE push=-25.320 h=25.000 faces=3 tris=164 occt=10.3ms (build 9.3, tess 1.0) mesh=0.2ms
[BS  200.248] CHANGE da proxy: push -25.320→-25.650, h 25.000→25.000
[BS  200.258] RECOMPUTE push=-25.650 h=25.000 faces=3 tris=164 occt=10.2ms (build 9.2, tess 1.0) mesh=0.2ms
[BS  200.261] CHANGE da proxy: push -25.650→-25.912, h 25.000→25.000
[BS  200.272] RECOMPUTE push=-25.912 h=25.000 faces=3 tris=164 occt=10.3ms (build 9.3, tess 1.0) mesh=0.2ms
[BS  200.275] CHANGE da proxy: push -25.912→-26.116, h 25.000→25.000
[BS  200.285] RECOMPUTE push=-26.116 h=25.000 faces=3 tris=164 occt=10.3ms (build 9.3, tess 1.0) mesh=0.2ms
[BS  200.289] CHANGE da proxy: push -26.116→-26.310, h 25.000→25.000
[BS  200.299] RECOMPUTE push=-26.310 h=25.000 faces=3 tris=164 occt=10.3ms (build 9.3, tess 1.0) mesh=0.2ms
[BS  200.302] CHANGE da proxy: push -26.310→-26.437, h 25.000→25.000
[BS  200.313] RECOMPUTE push=-26.437 h=25.000 faces=3 tris=164 occt=10.2ms (build 9.2, tess 1.0) mesh=0.2ms
[BS  200.316] CHANGE da proxy: push -26.437→-26.505, h 25.000→25.000
[BS  200.326] RECOMPUTE push=-26.505 h=25.000 faces=3 tris=164 occt=10.2ms (build 9.2, tess 1.0) mesh=0.2ms
[BS  200.330] CHANGE da proxy: push -26.505→-26.573, h 25.000→25.000
[BS  200.340] RECOMPUTE push=-26.573 h=25.000 faces=3 tris=164 occt=10.4ms (build 9.4, tess 1.0) mesh=0.2ms
[BS  200.343] CHANGE da proxy: push -26.573→-26.642, h 25.000→25.000
[BS  200.354] RECOMPUTE push=-26.642 h=25.000 faces=3 tris=164 occt=10.4ms (build 9.3, tess 1.1) mesh=0.2ms
[BS  200.364] CHANGE da proxy: push -26.642→-26.710, h 25.000→25.000
[BS  200.375] RECOMPUTE push=-26.710 h=25.000 faces=3 tris=164 occt=10.4ms (build 9.4, tess 1.1) mesh=0.2ms
[BS  200.823] CHANGE da proxy: push -26.710→-26.642, h 25.000→25.000
[BS  200.834] RECOMPUTE push=-26.642 h=25.000 faces=3 tris=164 occt=10.8ms (build 9.7, tess 1.1) mesh=0.3ms
[BS  200.837] CHANGE da proxy: push -26.642→-26.495, h 25.000→25.000
[BS  200.849] RECOMPUTE push=-26.495 h=25.000 faces=3 tris=164 occt=11.4ms (build 10.4, tess 1.0) mesh=0.2ms
[BS  200.852] CHANGE da proxy: push -26.495→-26.359, h 25.000→25.000
[BS  200.864] RECOMPUTE push=-26.359 h=25.000 faces=3 tris=164 occt=11.9ms (build 10.5, tess 1.4) mesh=0.2ms
[BS  200.868] CHANGE da proxy: push -26.359→-26.223, h 25.000→25.000
[BS  200.878] RECOMPUTE push=-26.223 h=25.000 faces=3 tris=164 occt=10.6ms (build 9.5, tess 1.1) mesh=0.2ms
[BS  200.882] CHANGE da proxy: push -26.223→-25.882, h 25.000→25.000
[BS  200.894] RECOMPUTE push=-25.882 h=25.000 faces=3 tris=164 occt=11.4ms (build 10.4, tess 1.1) mesh=0.2ms
[BS  200.897] CHANGE da proxy: push -25.882→-25.611, h 25.000→25.000
[BS  200.908] RECOMPUTE push=-25.611 h=25.000 faces=3 tris=164 occt=10.5ms (build 9.4, tess 1.1) mesh=0.2ms
[BS  200.911] CHANGE da proxy: push -25.611→-25.340, h 25.000→25.000
[BS  200.922] RECOMPUTE push=-25.340 h=25.000 faces=3 tris=164 occt=10.5ms (build 9.5, tess 1.0) mesh=0.2ms
[BS  200.925] CHANGE da proxy: push -25.340→-24.800, h 25.000→25.000
[BS  200.936] RECOMPUTE push=-24.800 h=25.000 faces=3 tris=164 occt=10.3ms (build 9.3, tess 1.0) mesh=0.2ms
[BS  200.939] CHANGE da proxy: push -24.800→-24.464, h 25.000→25.000
[BS  200.949] RECOMPUTE push=-24.464 h=25.000 faces=3 tris=164 occt=10.3ms (build 9.3, tess 1.0) mesh=0.2ms
[BS  200.953] CHANGE da proxy: push -24.464→-23.727, h 25.000→25.000
[BS  200.964] RECOMPUTE push=-23.727 h=25.000 faces=3 tris=164 occt=11.3ms (build 10.1, tess 1.1) mesh=0.2ms
[BS  200.968] CHANGE da proxy: push -23.727→-23.193, h 25.000→25.000
[BS  200.978] RECOMPUTE push=-23.193 h=25.000 faces=3 tris=164 occt=10.5ms (build 9.4, tess 1.0) mesh=0.2ms
[BS  200.981] CHANGE da proxy: push -23.193→-22.529, h 25.000→25.000
[BS  200.992] RECOMPUTE push=-22.529 h=25.000 faces=3 tris=164 occt=10.5ms (build 9.5, tess 1.0) mesh=0.2ms
[BS  200.995] CHANGE da proxy: push -22.529→-21.943, h 25.000→25.000
[BS  201.006] RECOMPUTE push=-21.943 h=25.000 faces=3 tris=164 occt=10.3ms (build 9.3, tess 1.0) mesh=0.2ms
[BS  201.009] CHANGE da proxy: push -21.943→-21.286, h 25.000→25.000
[BS  201.020] RECOMPUTE push=-21.286 h=25.000 faces=3 tris=164 occt=10.4ms (build 9.3, tess 1.1) mesh=0.2ms
[BS  201.023] CHANGE da proxy: push -21.286→-20.509, h 25.000→25.000
[BS  201.034] RECOMPUTE push=-20.509 h=25.000 faces=3 tris=164 occt=10.4ms (build 9.3, tess 1.1) mesh=0.2ms
[BS  201.037] CHANGE da proxy: push -20.509→-20.313, h 25.000→25.000
[BS  201.047] RECOMPUTE push=-20.313 h=25.000 faces=3 tris=164 occt=10.3ms (build 9.3, tess 1.0) mesh=0.2ms
[BS  201.050] CHANGE da proxy: push -20.313→-19.340, h 25.000→25.000
[BS  201.061] RECOMPUTE push=-19.340 h=25.000 faces=9 tris=224 occt=10.6ms (build 9.0, tess 1.6) mesh=0.2ms
[BS  201.064] CHANGE da proxy: push -19.340→-18.374, h 25.000→25.000
[BS  201.074] RECOMPUTE push=-18.374 h=25.000 faces=9 tris=224 occt=10.6ms (build 9.0, tess 1.6) mesh=0.2ms
[BS  201.077] CHANGE da proxy: push -18.374→-17.033, h 25.000→25.000
[BS  201.088] RECOMPUTE push=-17.033 h=25.000 faces=9 tris=224 occt=10.7ms (build 9.2, tess 1.5) mesh=0.2ms
[BS  201.091] CHANGE da proxy: push -17.033→-16.147, h 25.000→25.000
[BS  201.102] RECOMPUTE push=-16.147 h=25.000 faces=9 tris=224 occt=10.7ms (build 9.1, tess 1.6) mesh=0.2ms
[BS  201.105] CHANGE da proxy: push -16.147→-15.267, h 25.000→25.000
[BS  201.116] RECOMPUTE push=-15.267 h=25.000 faces=9 tris=224 occt=10.6ms (build 9.1, tess 1.6) mesh=0.2ms
[BS  201.119] CHANGE da proxy: push -15.267→-15.080, h 25.000→25.000
[BS  201.130] RECOMPUTE push=-15.080 h=25.000 faces=9 tris=224 occt=10.7ms (build 9.2, tess 1.5) mesh=0.2ms
[BS  201.133] CHANGE da proxy: push -15.080→-14.207, h 25.000→25.000
[BS  201.144] RECOMPUTE push=-14.207 h=25.000 faces=9 tris=224 occt=10.7ms (build 9.2, tess 1.5) mesh=0.2ms
[BS  201.147] CHANGE da proxy: push -14.207→-13.340, h 25.000→25.000
[BS  201.158] RECOMPUTE push=-13.340 h=25.000 faces=9 tris=224 occt=10.7ms (build 9.1, tess 1.6) mesh=0.2ms
[BS  201.161] CHANGE da proxy: push -13.340→-12.480, h 25.000→25.000
[BS  201.173] RECOMPUTE push=-12.480 h=25.000 faces=9 tris=224 occt=11.1ms (build 9.5, tess 1.6) mesh=0.2ms
[BS  201.176] CHANGE da proxy: push -12.480→-11.990, h 25.000→25.000
[BS  201.187] RECOMPUTE push=-11.990 h=25.000 faces=9 tris=224 occt=10.9ms (build 9.2, tess 1.7) mesh=0.2ms
[BS  201.191] CHANGE da proxy: push -11.990→-11.139, h 25.000→25.000
[BS  201.202] RECOMPUTE push=-11.139 h=25.000 faces=9 tris=224 occt=11.0ms (build 9.3, tess 1.6) mesh=0.2ms
[BS  201.205] CHANGE da proxy: push -11.139→-10.655, h 25.000→25.000
[BS  201.216] RECOMPUTE push=-10.655 h=25.000 faces=9 tris=224 occt=10.9ms (build 9.3, tess 1.6) mesh=0.2ms
[BS  201.219] CHANGE da proxy: push -10.655→-9.872, h 25.000→25.000
[BS  201.230] RECOMPUTE push=-9.872 h=25.000 faces=9 tris=224 occt=10.9ms (build 9.3, tess 1.6) mesh=0.2ms
[BS  201.234] CHANGE da proxy: push -9.872→-9.393, h 25.000→25.000
[BS  201.245] RECOMPUTE push=-9.393 h=25.000 faces=9 tris=224 occt=10.7ms (build 9.2, tess 1.5) mesh=0.2ms
[BS  201.248] CHANGE da proxy: push -9.393→-9.035, h 25.000→25.000
[BS  201.259] RECOMPUTE push=-9.035 h=25.000 faces=9 tris=224 occt=10.7ms (build 9.2, tess 1.5) mesh=0.2ms
[BS  201.262] CHANGE da proxy: push -9.035→-8.618, h 25.000→25.000
[BS  201.273] RECOMPUTE push=-8.618 h=25.000 faces=9 tris=224 occt=10.8ms (build 9.3, tess 1.5) mesh=0.2ms
[BS  201.276] CHANGE da proxy: push -8.618→-8.085, h 25.000→25.000
[BS  201.287] RECOMPUTE push=-8.085 h=25.000 faces=9 tris=224 occt=10.9ms (build 9.3, tess 1.5) mesh=0.2ms
[BS  201.291] CHANGE da proxy: push -8.085→-7.730, h 25.000→25.000
[BS  201.302] RECOMPUTE push=-7.730 h=25.000 faces=9 tris=224 occt=10.9ms (build 9.2, tess 1.6) mesh=0.2ms
[BS  201.305] CHANGE da proxy: push -7.730→-7.318, h 25.000→25.000
[BS  201.316] RECOMPUTE push=-7.318 h=25.000 faces=9 tris=224 occt=10.9ms (build 9.2, tess 1.6) mesh=0.2ms
[BS  201.319] CHANGE da proxy: push -7.318→-6.966, h 25.000→25.000
[BS  201.330] RECOMPUTE push=-6.966 h=25.000 faces=9 tris=224 occt=10.8ms (build 9.2, tess 1.6) mesh=0.2ms
[BS  201.334] CHANGE da proxy: push -6.966→-6.614, h 25.000→25.000
[BS  201.345] RECOMPUTE push=-6.614 h=25.000 faces=9 tris=224 occt=10.7ms (build 9.1, tess 1.6) mesh=0.2ms
[BS  201.348] CHANGE da proxy: push -6.614→-6.206, h 25.000→25.000
[BS  201.359] RECOMPUTE push=-6.206 h=25.000 faces=9 tris=224 occt=10.7ms (build 9.0, tess 1.6) mesh=0.2ms
[BS  201.362] CHANGE da proxy: push -6.206→-5.919, h 25.000→25.000
[BS  201.373] RECOMPUTE push=-5.919 h=25.000 faces=9 tris=224 occt=10.8ms (build 9.2, tess 1.5) mesh=0.2ms
[BS  201.376] CHANGE da proxy: push -5.919→-5.512, h 25.000→25.000
[BS  201.387] RECOMPUTE push=-5.512 h=25.000 faces=9 tris=224 occt=10.9ms (build 9.2, tess 1.7) mesh=0.2ms
[BS  201.390] CHANGE da proxy: push -5.512→-5.165, h 25.000→25.000
[BS  201.402] RECOMPUTE push=-5.165 h=25.000 faces=9 tris=224 occt=10.8ms (build 9.2, tess 1.7) mesh=0.2ms
[BS  201.405] CHANGE da proxy: push -5.165→-4.876, h 25.000→25.000
[BS  201.416] RECOMPUTE push=-4.876 h=25.000 faces=9 tris=224 occt=10.7ms (build 9.1, tess 1.6) mesh=0.2ms
[BS  201.426] CHANGE da proxy: push -4.876→-4.531, h 25.000→25.000
[BS  201.437] RECOMPUTE push=-4.531 h=25.000 faces=9 tris=224 occt=11.0ms (build 9.3, tess 1.7) mesh=0.2ms
[BS  201.440] CHANGE da proxy: push -4.531→-4.244, h 25.000→25.000
[BS  201.451] RECOMPUTE push=-4.244 h=25.000 faces=9 tris=224 occt=10.6ms (build 9.1, tess 1.6) mesh=0.2ms
[BS  201.454] CHANGE da proxy: push -4.244→-3.957, h 25.000→25.000
[BS  201.466] RECOMPUTE push=-3.957 h=25.000 faces=9 tris=224 occt=11.0ms (build 9.3, tess 1.7) mesh=0.2ms
[BS  201.469] CHANGE da proxy: push -3.957→-3.786, h 25.000→25.000
[BS  201.480] RECOMPUTE push=-3.786 h=25.000 faces=9 tris=224 occt=11.1ms (build 9.4, tess 1.7) mesh=0.2ms
[BS  201.483] CHANGE da proxy: push -3.786→-3.444, h 25.000→25.000
[BS  201.495] RECOMPUTE push=-3.444 h=25.000 faces=9 tris=224 occt=10.9ms (build 9.2, tess 1.7) mesh=0.2ms
[BS  201.498] CHANGE da proxy: push -3.444→-3.273, h 25.000→25.000
[BS  201.509] RECOMPUTE push=-3.273 h=25.000 faces=9 tris=224 occt=10.7ms (build 9.2, tess 1.6) mesh=0.2ms
[BS  201.512] CHANGE da proxy: push -3.273→-2.648, h 25.000→25.000
[BS  201.523] RECOMPUTE push=-2.648 h=25.000 faces=9 tris=224 occt=10.9ms (build 9.1, tess 1.8) mesh=0.2ms
[BS  201.526] CHANGE da proxy: push -2.648→-2.422, h 25.000→25.000
[BS  201.538] RECOMPUTE push=-2.422 h=25.000 faces=9 tris=224 occt=10.9ms (build 9.2, tess 1.7) mesh=0.2ms
[BS  201.541] CHANGE da proxy: push -2.422→-1.971, h 25.000→25.000
[BS  201.552] RECOMPUTE push=-1.971 h=25.000 faces=9 tris=224 occt=10.9ms (build 9.2, tess 1.7) mesh=0.2ms
[BS  201.555] CHANGE da proxy: push -1.971→-1.522, h 25.000→25.000
[BS  201.566] RECOMPUTE push=-1.522 h=25.000 faces=9 tris=224 occt=10.8ms (build 9.1, tess 1.6) mesh=0.2ms
[BS  201.577] CHANGE da proxy: push -1.522→-1.297, h 25.000→25.000
[BS  201.588] RECOMPUTE push=-1.297 h=25.000 faces=9 tris=224 occt=10.9ms (build 9.3, tess 1.6) mesh=0.2ms
[BS  201.591] CHANGE da proxy: push -1.297→-1.130, h 25.000→25.000
[BS  201.602] RECOMPUTE push=-1.130 h=25.000 faces=9 tris=224 occt=10.6ms (build 9.1, tess 1.5) mesh=0.2ms
[BS  201.605] CHANGE da proxy: push -1.130→-0.627, h 25.000→25.000
[BS  201.616] RECOMPUTE push=-0.627 h=25.000 faces=9 tris=224 occt=10.6ms (build 9.0, tess 1.6) mesh=0.2ms
[BS  201.619] CHANGE da proxy: push -0.627→-0.405, h 25.000→25.000
[BS  201.630] RECOMPUTE push=-0.405 h=25.000 faces=9 tris=224 occt=10.7ms (build 9.1, tess 1.6) mesh=0.2ms
[BS  201.633] CHANGE da proxy: push -0.405→+0.262, h 25.000→25.000
[BS  201.643] RECOMPUTE push=+0.262 h=25.000 faces=10 tris=248 occt=10.3ms (build 8.3, tess 2.0) mesh=0.2ms
[BS  201.654] CHANGE da proxy: push +0.262→+0.593, h 25.000→25.000
[BS  201.665] RECOMPUTE push=+0.593 h=25.000 faces=10 tris=248 occt=10.3ms (build 8.4, tess 1.8) mesh=0.2ms
[BS  201.667] CHANGE da proxy: push +0.593→+0.816, h 25.000→25.000
[BS  201.678] RECOMPUTE push=+0.816 h=25.000 faces=10 tris=248 occt=10.0ms (build 8.3, tess 1.7) mesh=0.2ms
[BS  201.688] CHANGE da proxy: push +0.816→+1.202, h 25.000→25.000
[BS  201.699] RECOMPUTE push=+1.202 h=25.000 faces=10 tris=248 occt=10.2ms (build 8.5, tess 1.8) mesh=0.2ms
[BS  201.702] CHANGE da proxy: push +1.202→+1.366, h 25.000→25.000
[BS  201.712] RECOMPUTE push=+1.366 h=25.000 faces=10 tris=248 occt=10.1ms (build 8.2, tess 1.9) mesh=0.2ms
[BS  201.715] CHANGE da proxy: push +1.366→+1.696, h 25.000→25.000
[BS  201.725] RECOMPUTE push=+1.696 h=25.000 faces=10 tris=248 occt=10.0ms (build 8.3, tess 1.7) mesh=0.2ms
[BS  201.728] CHANGE da proxy: push +1.696→+1.859, h 25.000→25.000
[BS  201.739] RECOMPUTE push=+1.859 h=25.000 faces=10 tris=248 occt=9.9ms (build 8.2, tess 1.7) mesh=0.2ms
[BS  201.742] CHANGE da proxy: push +1.859→+2.024, h 25.000→25.000
[BS  201.752] RECOMPUTE push=+2.024 h=25.000 faces=10 tris=248 occt=10.1ms (build 8.4, tess 1.7) mesh=0.2ms
[BS  201.755] CHANGE da proxy: push +2.024→+2.189, h 25.000→25.000
[BS  201.766] RECOMPUTE push=+2.189 h=25.000 faces=10 tris=248 occt=10.0ms (build 8.3, tess 1.7) mesh=0.2ms
[BS  201.769] CHANGE da proxy: push +2.189→+2.514, h 25.000→25.000
[BS  201.779] RECOMPUTE push=+2.514 h=25.000 faces=10 tris=248 occt=10.0ms (build 8.3, tess 1.8) mesh=0.2ms
[BS  201.782] CHANGE da proxy: push +2.514→+2.624, h 25.000→25.000
[BS  201.792] RECOMPUTE push=+2.624 h=25.000 faces=10 tris=248 occt=10.0ms (build 8.2, tess 1.8) mesh=0.2ms
[BS  201.795] CHANGE da proxy: push +2.624→+2.950, h 25.000→25.000
[BS  201.805] RECOMPUTE push=+2.950 h=25.000 faces=10 tris=248 occt=10.0ms (build 8.2, tess 1.7) mesh=0.2ms
[BS  201.816] CHANGE da proxy: push +2.950→+3.113, h 25.000→25.000
[BS  201.827] RECOMPUTE push=+3.113 h=25.000 faces=10 tris=248 occt=10.5ms (build 8.6, tess 1.9) mesh=0.2ms
[BS  201.830] CHANGE da proxy: push +3.113→+3.439, h 25.000→25.000
[BS  201.840] RECOMPUTE push=+3.439 h=25.000 faces=10 tris=248 occt=9.9ms (build 8.2, tess 1.7) mesh=0.2ms
[BS  201.851] CHANGE da proxy: push +3.439→+3.815, h 25.000→25.000
[BS  201.861] RECOMPUTE push=+3.815 h=25.000 faces=10 tris=248 occt=10.0ms (build 8.2, tess 1.7) mesh=0.2ms
[BS  201.872] CHANGE da proxy: push +3.815→+4.191, h 25.000→25.000
[BS  201.882] RECOMPUTE push=+4.191 h=25.000 faces=10 tris=248 occt=10.1ms (build 8.4, tess 1.7) mesh=0.2ms
[BS  201.885] CHANGE da proxy: push +4.191→+4.352, h 25.000→25.000
[BS  201.896] RECOMPUTE push=+4.352 h=25.000 faces=10 tris=248 occt=10.0ms (build 8.3, tess 1.7) mesh=0.2ms
[BS  201.907] CHANGE da proxy: push +4.352→+4.832, h 25.000→25.000
[BS  201.917] RECOMPUTE push=+4.832 h=25.000 faces=10 tris=248 occt=10.2ms (build 8.4, tess 1.8) mesh=0.2ms
[BS  201.928] CHANGE da proxy: push +4.832→+5.311, h 25.000→25.000
[BS  201.939] RECOMPUTE push=+5.311 h=25.000 faces=10 tris=248 occt=10.3ms (build 8.4, tess 1.8) mesh=0.2ms
[BS  201.942] CHANGE da proxy: push +5.311→+5.521, h 25.000→25.000
[BS  201.952] RECOMPUTE push=+5.521 h=25.000 faces=10 tris=248 occt=10.0ms (build 8.2, tess 1.8) mesh=0.2ms
[BS  201.956] CHANGE da proxy: push +5.521→+5.996, h 25.000→25.000
[BS  201.967] RECOMPUTE push=+5.996 h=25.000 faces=10 tris=248 occt=10.3ms (build 8.5, tess 1.8) mesh=0.2ms
[BS  201.970] CHANGE da proxy: push +5.996→+6.258, h 25.000→25.000
[BS  201.980] RECOMPUTE push=+6.258 h=25.000 faces=10 tris=248 occt=10.0ms (build 8.2, tess 1.9) mesh=0.3ms
[BS  201.984] CHANGE da proxy: push +6.258→+6.989, h 25.000→25.000
[BS  201.994] RECOMPUTE push=+6.989 h=25.000 faces=10 tris=248 occt=10.1ms (build 8.3, tess 1.8) mesh=0.2ms
[BS  202.005] CHANGE da proxy: push +6.989→+7.301, h 25.000→25.000
[BS  202.015] RECOMPUTE push=+7.301 h=25.000 faces=10 tris=248 occt=10.1ms (build 8.3, tess 1.8) mesh=0.2ms
[BS  202.018] CHANGE da proxy: push +7.301→+7.818, h 25.000→25.000
[BS  202.029] RECOMPUTE push=+7.818 h=25.000 faces=10 tris=248 occt=10.1ms (build 8.3, tess 1.8) mesh=0.2ms
[BS  202.032] CHANGE da proxy: push +7.818→+8.331, h 25.000→25.000
[BS  202.042] RECOMPUTE push=+8.331 h=25.000 faces=10 tris=248 occt=9.8ms (build 8.1, tess 1.7) mesh=0.2ms
[BS  202.045] CHANGE da proxy: push +8.331→+8.893, h 25.000→25.000
[BS  202.055] RECOMPUTE push=+8.893 h=25.000 faces=10 tris=248 occt=9.9ms (build 8.2, tess 1.7) mesh=0.2ms
[BS  202.059] CHANGE da proxy: push +8.893→+9.350, h 25.000→25.000
[BS  202.069] RECOMPUTE push=+9.350 h=25.000 faces=10 tris=248 occt=9.9ms (build 8.2, tess 1.7) mesh=0.2ms
[BS  202.072] CHANGE da proxy: push +9.350→+9.553, h 25.000→25.000
[BS  202.082] RECOMPUTE push=+9.553 h=25.000 faces=10 tris=248 occt=10.0ms (build 8.3, tess 1.7) mesh=0.2ms
[BS  202.085] CHANGE da proxy: push +9.553→+9.856, h 25.000→25.000
[BS  202.096] RECOMPUTE push=+9.856 h=25.000 faces=10 tris=248 occt=9.9ms (build 8.2, tess 1.7) mesh=0.2ms
[BS  202.099] CHANGE da proxy: push +9.856→+10.509, h 25.000→25.000
[BS  202.109] RECOMPUTE push=+10.509 h=25.000 faces=10 tris=248 occt=10.0ms (build 8.2, tess 1.8) mesh=0.2ms
[BS  202.120] CHANGE da proxy: push +10.509→+10.958, h 25.000→25.000
[BS  202.130] RECOMPUTE push=+10.958 h=25.000 faces=10 tris=248 occt=10.0ms (build 8.2, tess 1.8) mesh=0.2ms
[BS  202.133] CHANGE da proxy: push +10.958→+11.157, h 25.000→25.000
[BS  202.144] RECOMPUTE push=+11.157 h=25.000 faces=10 tris=248 occt=10.2ms (build 8.3, tess 2.0) mesh=0.2ms
[BS  202.147] CHANGE da proxy: push +11.157→+11.553, h 25.000→25.000
[BS  202.157] RECOMPUTE push=+11.553 h=25.000 faces=10 tris=248 occt=10.1ms (build 8.3, tess 1.8) mesh=0.2ms
[BS  202.160] CHANGE da proxy: push +11.553→+11.702, h 25.000→25.000
[BS  202.170] RECOMPUTE push=+11.702 h=25.000 faces=10 tris=248 occt=10.0ms (build 8.2, tess 1.8) mesh=0.2ms
[BS  202.174] CHANGE da proxy: push +11.702→+12.047, h 25.000→25.000
[BS  202.184] RECOMPUTE push=+12.047 h=25.000 faces=10 tris=248 occt=10.0ms (build 8.2, tess 1.8) mesh=0.2ms
[BS  202.188] CHANGE da proxy: push +12.047→+12.244, h 25.000→25.000
[BS  202.198] RECOMPUTE push=+12.244 h=25.000 faces=10 tris=248 occt=10.0ms (build 8.2, tess 1.8) mesh=0.2ms
[BS  202.201] CHANGE da proxy: push +12.244→+12.440, h 25.000→25.000
[BS  202.211] RECOMPUTE push=+12.440 h=25.000 faces=10 tris=248 occt=10.0ms (build 8.3, tess 1.7) mesh=0.2ms
[BS  202.215] CHANGE da proxy: push +12.440→+12.489, h 25.000→25.000
[BS  202.225] RECOMPUTE push=+12.489 h=25.000 faces=10 tris=248 occt=10.1ms (build 8.3, tess 1.8) mesh=0.2ms
[BS  202.279] CHANGE da proxy: push +12.489→+12.292, h 25.000→25.000
[BS  202.290] RECOMPUTE push=+12.292 h=25.000 faces=10 tris=248 occt=10.5ms (build 8.7, tess 1.9) mesh=0.2ms
[BS  202.294] CHANGE da proxy: push +12.292→+11.948, h 25.000→25.000
[BS  202.304] RECOMPUTE push=+11.948 h=25.000 faces=10 tris=248 occt=10.0ms (build 8.2, tess 1.8) mesh=0.2ms
[BS  202.307] CHANGE da proxy: push +11.948→+11.453, h 25.000→25.000
[BS  202.317] RECOMPUTE push=+11.453 h=25.000 faces=10 tris=248 occt=10.0ms (build 8.3, tess 1.7) mesh=0.2ms
[BS  202.321] CHANGE da proxy: push +11.453→+11.105, h 25.000→25.000
[BS  202.331] RECOMPUTE push=+11.105 h=25.000 faces=10 tris=248 occt=10.2ms (build 8.4, tess 1.8) mesh=0.2ms
[BS  202.334] CHANGE da proxy: push +11.105→+10.156, h 25.000→25.000
[BS  202.345] RECOMPUTE push=+10.156 h=25.000 faces=10 tris=248 occt=10.0ms (build 8.3, tess 1.7) mesh=0.2ms
[BS  202.348] CHANGE da proxy: push +10.156→+9.249, h 25.000→25.000
[BS  202.358] RECOMPUTE push=+9.249 h=25.000 faces=10 tris=248 occt=10.1ms (build 8.3, tess 1.8) mesh=0.2ms
[BS  202.361] CHANGE da proxy: push +9.249→+7.722, h 25.000→25.000
[BS  202.372] RECOMPUTE push=+7.722 h=25.000 faces=10 tris=248 occt=9.9ms (build 8.2, tess 1.8) mesh=0.2ms
[BS  202.375] CHANGE da proxy: push +7.722→+7.105, h 25.000→25.000
[BS  202.385] RECOMPUTE push=+7.105 h=25.000 faces=10 tris=248 occt=10.1ms (build 8.4, tess 1.7) mesh=0.2ms
[BS  202.388] CHANGE da proxy: push +7.105→+5.077, h 25.000→25.000
[BS  202.399] RECOMPUTE push=+5.077 h=25.000 faces=10 tris=248 occt=10.1ms (build 8.2, tess 1.9) mesh=0.2ms
[BS  202.402] CHANGE da proxy: push +5.077→+4.499, h 25.000→25.000
[BS  202.412] RECOMPUTE push=+4.499 h=25.000 faces=10 tris=248 occt=10.0ms (build 8.2, tess 1.8) mesh=0.2ms
[BS  202.415] CHANGE da proxy: push +4.499→+3.812, h 25.000→25.000
[BS  202.425] RECOMPUTE push=+3.812 h=25.000 faces=10 tris=248 occt=10.0ms (build 8.2, tess 1.8) mesh=0.2ms
[BS  202.429] CHANGE da proxy: push +3.812→+2.745, h 25.000→25.000
[BS  202.439] RECOMPUTE push=+2.745 h=25.000 faces=10 tris=248 occt=9.9ms (build 8.2, tess 1.7) mesh=0.2ms
[BS  202.442] CHANGE da proxy: push +2.745→+1.671, h 25.000→25.000
[BS  202.452] RECOMPUTE push=+1.671 h=25.000 faces=10 tris=248 occt=10.2ms (build 8.4, tess 1.8) mesh=0.2ms
[BS  202.456] CHANGE da proxy: push +1.671→+1.454, h 25.000→25.000
[BS  202.466] RECOMPUTE push=+1.454 h=25.000 faces=10 tris=248 occt=10.0ms (build 8.2, tess 1.8) mesh=0.2ms
[BS  202.469] CHANGE da proxy: push +1.454→+0.259, h 25.000→25.000
[BS  202.479] RECOMPUTE push=+0.259 h=25.000 faces=10 tris=248 occt=9.9ms (build 8.2, tess 1.8) mesh=0.2ms
[BS  202.482] CHANGE da proxy: push +0.259→-0.563, h 25.000→25.000
[BS  202.493] RECOMPUTE push=-0.563 h=25.000 faces=9 tris=224 occt=10.8ms (build 9.1, tess 1.7) mesh=0.2ms
[BS  202.496] CHANGE da proxy: push -0.563→-1.447, h 25.000→25.000
[BS  202.507] RECOMPUTE push=-1.447 h=25.000 faces=9 tris=224 occt=10.7ms (build 9.2, tess 1.5) mesh=0.2ms
[BS  202.510] CHANGE da proxy: push -1.447→-2.113, h 25.000→25.000
[BS  202.522] RECOMPUTE push=-2.113 h=25.000 faces=9 tris=224 occt=10.9ms (build 9.2, tess 1.7) mesh=0.2ms
[BS  202.525] CHANGE da proxy: push -2.113→-3.345, h 25.000→25.000
[BS  202.536] RECOMPUTE push=-3.345 h=25.000 faces=9 tris=224 occt=11.1ms (build 9.3, tess 1.8) mesh=0.2ms
[BS  202.540] CHANGE da proxy: push -3.345→-4.192, h 25.000→25.000
[BS  202.551] RECOMPUTE push=-4.192 h=25.000 faces=9 tris=224 occt=10.7ms (build 9.1, tess 1.6) mesh=0.2ms
[BS  202.554] CHANGE da proxy: push -4.192→-5.388, h 25.000→25.000
[BS  202.565] RECOMPUTE push=-5.388 h=25.000 faces=9 tris=224 occt=10.9ms (build 9.2, tess 1.7) mesh=0.2ms
[BS  202.568] CHANGE da proxy: push -5.388→-6.538, h 25.000→25.000
[BS  202.579] RECOMPUTE push=-6.538 h=25.000 faces=9 tris=224 occt=10.7ms (build 9.1, tess 1.6) mesh=0.2ms
[BS  202.583] CHANGE da proxy: push -6.538→-7.233, h 25.000→25.000
[BS  202.594] RECOMPUTE push=-7.233 h=25.000 faces=9 tris=224 occt=10.7ms (build 9.2, tess 1.5) mesh=0.2ms
[BS  202.597] CHANGE da proxy: push -7.233→-7.640, h 25.000→25.000
[BS  202.608] RECOMPUTE push=-7.640 h=25.000 faces=9 tris=224 occt=11.0ms (build 9.4, tess 1.6) mesh=0.2ms
[BS  202.611] CHANGE da proxy: push -7.640→-8.107, h 25.000→25.000
[BS  202.622] RECOMPUTE push=-8.107 h=25.000 faces=9 tris=224 occt=10.8ms (build 9.2, tess 1.7) mesh=0.2ms
[BS  202.626] CHANGE da proxy: push -8.107→-8.400, h 25.000→25.000
[BS  202.637] RECOMPUTE push=-8.400 h=25.000 faces=9 tris=224 occt=10.9ms (build 9.4, tess 1.5) mesh=0.2ms
[BS  202.640] CHANGE da proxy: push -8.400→-8.517, h 25.000→25.000
[BS  202.651] RECOMPUTE push=-8.517 h=25.000 faces=9 tris=224 occt=11.0ms (build 9.3, tess 1.6) mesh=0.2ms
[BS  202.681] CHANGE da proxy: push -8.517→-8.400, h 25.000→25.000
[BS  202.692] RECOMPUTE push=-8.400 h=25.000 faces=9 tris=224 occt=11.0ms (build 9.3, tess 1.6) mesh=0.2ms
[BS  202.695] CHANGE da proxy: push -8.400→-7.923, h 25.000→25.000
[BS  202.706] RECOMPUTE push=-7.923 h=25.000 faces=9 tris=224 occt=10.8ms (build 9.2, tess 1.6) mesh=0.2ms
[BS  202.709] CHANGE da proxy: push -7.923→-7.573, h 25.000→25.000
[BS  202.720] RECOMPUTE push=-7.573 h=25.000 faces=9 tris=224 occt=10.8ms (build 9.2, tess 1.6) mesh=0.2ms
[BS  202.723] CHANGE da proxy: push -7.573→-7.046, h 25.000→25.000
[BS  202.734] RECOMPUTE push=-7.046 h=25.000 faces=9 tris=224 occt=10.7ms (build 9.0, tess 1.7) mesh=0.2ms
[BS  202.737] CHANGE da proxy: push -7.046→-5.717, h 25.000→25.000
[BS  202.749] RECOMPUTE push=-5.717 h=25.000 faces=9 tris=224 occt=10.8ms (build 9.1, tess 1.7) mesh=0.2ms
[BS  202.752] CHANGE da proxy: push -5.717→-4.519, h 25.000→25.000
[BS  202.763] RECOMPUTE push=-4.519 h=25.000 faces=9 tris=224 occt=10.7ms (build 9.1, tess 1.6) mesh=0.2ms
[BS  202.766] CHANGE da proxy: push -4.519→-3.501, h 25.000→25.000
[BS  202.777] RECOMPUTE push=-3.501 h=25.000 faces=9 tris=224 occt=10.7ms (build 9.1, tess 1.6) mesh=0.2ms
[BS  202.780] CHANGE da proxy: push -3.501→-2.269, h 25.000→25.000
[BS  202.791] RECOMPUTE push=-2.269 h=25.000 faces=9 tris=224 occt=10.6ms (build 9.1, tess 1.6) mesh=0.3ms
[BS  202.794] CHANGE da proxy: push -2.269→-1.710, h 25.000→25.000
[BS  202.805] RECOMPUTE push=-1.710 h=25.000 faces=9 tris=224 occt=10.7ms (build 9.1, tess 1.6) mesh=0.2ms
[BS  202.808] CHANGE da proxy: push -1.710→+0.163, h 25.000→25.000
[BS  202.819] RECOMPUTE push=+0.163 h=25.000 faces=10 tris=248 occt=10.0ms (build 8.2, tess 1.8) mesh=0.2ms
[BS  202.822] CHANGE da proxy: push +0.163→+0.712, h 25.000→25.000
[BS  202.832] RECOMPUTE push=+0.712 h=25.000 faces=10 tris=248 occt=9.9ms (build 8.2, tess 1.7) mesh=0.2ms
[BS  202.835] CHANGE da proxy: push +0.712→+1.739, h 25.000→25.000
[BS  202.845] RECOMPUTE push=+1.739 h=25.000 faces=10 tris=248 occt=10.2ms (build 8.4, tess 1.8) mesh=0.2ms
[BS  202.849] CHANGE da proxy: push +1.739→+2.601, h 25.000→25.000
[BS  202.859] RECOMPUTE push=+2.601 h=25.000 faces=10 tris=248 occt=10.1ms (build 8.3, tess 1.7) mesh=0.3ms
[BS  202.863] CHANGE da proxy: push +2.601→+3.137, h 25.000→25.000
[BS  202.873] RECOMPUTE push=+3.137 h=25.000 faces=10 tris=248 occt=10.0ms (build 8.3, tess 1.7) mesh=0.2ms
[BS  202.876] CHANGE da proxy: push +3.137→+3.456, h 25.000→25.000
[BS  202.886] RECOMPUTE push=+3.456 h=25.000 faces=10 tris=248 occt=10.2ms (build 8.3, tess 1.9) mesh=0.3ms
[BS  202.891] CHANGE da proxy: push +3.456→+3.773, h 25.000→25.000
[BS  202.902] RECOMPUTE push=+3.773 h=25.000 faces=10 tris=248 occt=10.6ms (build 8.8, tess 1.9) mesh=0.3ms
[BS  202.905] CHANGE da proxy: push +3.773→+3.826, h 25.000→25.000
[BS  202.916] RECOMPUTE push=+3.826 h=25.000 faces=10 tris=248 occt=10.3ms (build 8.5, tess 1.8) mesh=0.2ms
[BS  212.431] CHANGE da proxy: push +3.826→+4.046, h 25.000→25.000
[BS  212.444] RECOMPUTE push=+4.046 h=25.000 faces=10 tris=248 occt=12.0ms (build 10.1, tess 1.9) mesh=0.3ms
[BS  212.447] CHANGE da proxy: push +4.046→+4.265, h 25.000→25.000
[BS  212.458] RECOMPUTE push=+4.265 h=25.000 faces=10 tris=248 occt=10.3ms (build 8.5, tess 1.8) mesh=0.2ms
[BS  212.461] CHANGE da proxy: push +4.265→+4.428, h 25.000→25.000
[BS  212.472] RECOMPUTE push=+4.428 h=25.000 faces=10 tris=248 occt=10.7ms (build 8.9, tess 1.7) mesh=0.2ms
[BS  212.479] CHANGE da proxy: push +4.428→+4.755, h 25.000→25.000
[BS  212.490] RECOMPUTE push=+4.755 h=25.000 faces=10 tris=248 occt=11.3ms (build 9.5, tess 1.8) mesh=0.2ms
[BS  212.513] CHANGE da proxy: push +4.755→+5.673, h 25.000→25.000
[BS  212.524] RECOMPUTE push=+5.673 h=25.000 faces=10 tris=248 occt=10.5ms (build 8.6, tess 1.8) mesh=0.3ms
[BS  212.542] CHANGE da proxy: push +5.673→+6.369, h 25.000→25.000
[BS  212.555] RECOMPUTE push=+6.369 h=25.000 faces=10 tris=248 occt=12.1ms (build 10.2, tess 1.9) mesh=0.3ms
[BS  212.571] CHANGE da proxy: push +6.369→+7.169, h 25.000→25.000
[BS  212.581] RECOMPUTE push=+7.169 h=25.000 faces=10 tris=248 occt=10.4ms (build 8.6, tess 1.8) mesh=0.2ms
[BS  212.600] CHANGE da proxy: push +7.169→+7.646, h 25.000→25.000
[BS  212.610] RECOMPUTE push=+7.646 h=25.000 faces=10 tris=248 occt=10.5ms (build 8.6, tess 1.8) mesh=0.2ms
[BS  212.630] CHANGE da proxy: push +7.646→+7.909, h 25.000→25.000
[BS  212.640] RECOMPUTE push=+7.909 h=25.000 faces=10 tris=248 occt=10.3ms (build 8.5, tess 1.8) mesh=0.3ms
[BS  212.660] CHANGE da proxy: push +7.909→+7.962, h 25.000→25.000
[BS  212.670] RECOMPUTE push=+7.962 h=25.000 faces=10 tris=248 occt=10.2ms (build 8.4, tess 1.8) mesh=0.2ms
[BS  213.663] UNDO_PRE : applied push=+7.962 h=25.000 | proxy push=+7.962 GN h=25.000 | mesh vol=33069.0 expected=33069.6 | mesh↔params OK | controls↔params OK
[BS  213.675] UNDO_POST: applied push=+3.826 h=25.000 | proxy push=-20.000 GN h=25.000 | mesh vol=28594.2 expected=28596.3 | mesh↔params OK | controls↔params MISMATCH (handler ricalcolerà)
[BS  218.528] UNDO_PRE : applied push=+3.826 h=25.000 | proxy push=+3.826 GN h=25.000 | mesh vol=28594.2 expected=28596.3 | mesh↔params OK | controls↔params OK
[BS  218.541] UNDO_POST: applied push=+5.000 h=25.000 | proxy push=-20.000 GN h=25.000 | mesh vol=29864.2 expected=29865.9 | mesh↔params OK | controls↔params MISMATCH (handler ricalcolerà)
[BS  219.912] REDO_POST: applied push=+3.826 h=25.000 | proxy push=-20.000 GN h=25.000 | mesh vol=28594.2 expected=28596.3 | mesh↔params OK | controls↔params MISMATCH (handler ricalcolerà)
[BS  222.393] UNDO_PRE : applied push=+3.826 h=25.000 | proxy push=+3.826 GN h=25.000 | mesh vol=28594.2 expected=28596.3 | mesh↔params OK | controls↔params OK
[BS  222.405] UNDO_POST: applied push=+5.000 h=25.000 | proxy push=-20.000 GN h=25.000 | mesh vol=29864.2 expected=29865.9 | mesh↔params OK | controls↔params MISMATCH (handler ricalcolerà)
[BS  222.790] UNDO_PRE : applied push=+5.000 h=25.000 | proxy push=+5.000 GN h=25.000 | mesh vol=29864.2 expected=29865.9 | mesh↔params OK | controls↔params OK
[BS  222.797] UNDO_POST: applied push=+0.000 h=25.000 | proxy push=-20.000 GN h=25.000 | mesh vol=24454.7 expected=24458.2 | mesh↔params OK | controls↔params MISMATCH (handler ricalcolerà)
[BS  223.102] UNDO_PRE : applied push=+0.000 h=25.000 | proxy push=+0.000 GN h=25.000 | mesh vol=24454.7 expected=24458.2 | mesh↔params OK | controls↔params OK
[BS  223.108] UNDO_POST: applied push=+0.000 h=25.000 | proxy push=-20.000 GN h=25.000 | mesh vol=24454.7 expected=24458.2 | mesh↔params OK | controls↔params MISMATCH (handler ricalcolerà)
[BS  240.145] CHANGE da gizmo GN: push +0.000→+0.000, h 25.000→25.107
[BS  240.152] RECOMPUTE push=+0.000 h=25.107 faces=10 tris=308 occt=6.8ms (build 4.0, tess 2.8) mesh=0.3ms
[BS  240.155] CHANGE da gizmo GN: push +0.000→+0.000, h 25.107→25.153
[BS  240.161] RECOMPUTE push=+0.000 h=25.153 faces=10 tris=308 occt=5.5ms (build 3.4, tess 2.1) mesh=0.2ms
[BS  240.173] CHANGE da gizmo GN: push +0.000→+0.000, h 25.153→25.260
[BS  240.178] RECOMPUTE push=+0.000 h=25.260 faces=10 tris=308 occt=5.3ms (build 3.4, tess 2.0) mesh=0.3ms
[BS  240.182] CHANGE da gizmo GN: push +0.000→+0.000, h 25.260→25.314
[BS  240.188] RECOMPUTE push=+0.000 h=25.314 faces=10 tris=308 occt=5.3ms (build 3.3, tess 1.9) mesh=0.3ms
[BS  240.197] CHANGE da gizmo GN: push +0.000→+0.000, h 25.314→25.520
[BS  240.202] RECOMPUTE push=+0.000 h=25.520 faces=10 tris=308 occt=5.4ms (build 3.6, tess 1.8) mesh=0.3ms
[BS  240.211] CHANGE da gizmo GN: push +0.000→+0.000, h 25.520→25.642
[BS  240.217] RECOMPUTE push=+0.000 h=25.642 faces=10 tris=308 occt=5.2ms (build 3.4, tess 1.8) mesh=0.3ms
[BS  240.227] CHANGE da gizmo GN: push +0.000→+0.000, h 25.642→25.794
[BS  240.233] RECOMPUTE push=+0.000 h=25.794 faces=10 tris=308 occt=5.6ms (build 3.7, tess 2.0) mesh=0.3ms
[BS  240.242] CHANGE da gizmo GN: push +0.000→+0.000, h 25.794→25.999
[BS  240.248] RECOMPUTE push=+0.000 h=25.999 faces=10 tris=308 occt=5.5ms (build 3.6, tess 2.0) mesh=0.3ms
[BS  240.257] CHANGE da gizmo GN: push +0.000→+0.000, h 25.999→26.212
[BS  240.263] RECOMPUTE push=+0.000 h=26.212 faces=10 tris=308 occt=5.8ms (build 3.9, tess 1.9) mesh=0.3ms
[BS  240.272] CHANGE da gizmo GN: push +0.000→+0.000, h 26.212→26.363
[BS  240.278] RECOMPUTE push=+0.000 h=26.363 faces=10 tris=308 occt=5.2ms (build 3.5, tess 1.8) mesh=0.2ms
[BS  240.288] CHANGE da gizmo GN: push +0.000→+0.000, h 26.363→26.635
[BS  240.293] RECOMPUTE push=+0.000 h=26.635 faces=10 tris=308 occt=5.2ms (build 3.4, tess 1.8) mesh=0.3ms
[BS  240.301] CHANGE da gizmo GN: push +0.000→+0.000, h 26.635→26.793
[BS  240.306] RECOMPUTE push=+0.000 h=26.793 faces=10 tris=308 occt=5.3ms (build 3.4, tess 2.0) mesh=0.3ms
[BS  240.313] CHANGE da gizmo GN: push +0.000→+0.000, h 26.793→26.944
[BS  240.319] RECOMPUTE push=+0.000 h=26.944 faces=10 tris=308 occt=5.3ms (build 3.4, tess 1.9) mesh=0.3ms
[BS  240.325] CHANGE da gizmo GN: push +0.000→+0.000, h 26.944→27.102
[BS  240.331] RECOMPUTE push=+0.000 h=27.102 faces=10 tris=308 occt=5.2ms (build 3.3, tess 1.9) mesh=0.3ms
[BS  240.338] CHANGE da gizmo GN: push +0.000→+0.000, h 27.102→27.320
[BS  240.344] RECOMPUTE push=+0.000 h=27.320 faces=10 tris=308 occt=5.3ms (build 3.5, tess 1.8) mesh=0.3ms
[BS  240.351] CHANGE da gizmo GN: push +0.000→+0.000, h 27.320→27.417
[BS  240.356] RECOMPUTE push=+0.000 h=27.417 faces=10 tris=308 occt=5.3ms (build 3.4, tess 1.9) mesh=0.3ms
[BS  240.363] CHANGE da gizmo GN: push +0.000→+0.000, h 27.417→27.574
[BS  240.369] RECOMPUTE push=+0.000 h=27.574 faces=10 tris=308 occt=5.5ms (build 3.6, tess 1.9) mesh=0.3ms
[BS  240.375] CHANGE da gizmo GN: push +0.000→+0.000, h 27.574→27.829
[BS  240.381] RECOMPUTE push=+0.000 h=27.829 faces=10 tris=308 occt=5.4ms (build 3.4, tess 1.9) mesh=0.3ms
[BS  240.388] CHANGE da gizmo GN: push +0.000→+0.000, h 27.829→27.933
[BS  240.394] RECOMPUTE push=+0.000 h=27.933 faces=10 tris=308 occt=5.3ms (build 3.5, tess 1.8) mesh=0.3ms
[BS  240.400] CHANGE da gizmo GN: push +0.000→+0.000, h 27.933→28.134
[BS  240.406] RECOMPUTE push=+0.000 h=28.134 faces=10 tris=308 occt=5.2ms (build 3.3, tess 1.9) mesh=0.3ms
[BS  240.413] CHANGE da gizmo GN: push +0.000→+0.000, h 28.134→28.298
[BS  240.418] RECOMPUTE push=+0.000 h=28.298 faces=10 tris=308 occt=5.3ms (build 3.4, tess 1.9) mesh=0.3ms
[BS  240.425] CHANGE da gizmo GN: push +0.000→+0.000, h 28.298→28.402
[BS  240.431] RECOMPUTE push=+0.000 h=28.402 faces=10 tris=308 occt=5.4ms (build 3.4, tess 1.9) mesh=0.3ms
[BS  240.437] CHANGE da gizmo GN: push +0.000→+0.000, h 28.402→28.551
[BS  240.443] RECOMPUTE push=+0.000 h=28.551 faces=10 tris=308 occt=5.4ms (build 3.4, tess 1.9) mesh=0.3ms
[BS  240.450] CHANGE da gizmo GN: push +0.000→+0.000, h 28.551→28.655
[BS  240.456] RECOMPUTE push=+0.000 h=28.655 faces=10 tris=308 occt=5.4ms (build 3.5, tess 1.9) mesh=0.3ms
[BS  240.463] CHANGE da gizmo GN: push +0.000→+0.000, h 28.655→28.802
[BS  240.468] RECOMPUTE push=+0.000 h=28.802 faces=10 tris=308 occt=5.3ms (build 3.4, tess 1.9) mesh=0.3ms
[BS  240.475] CHANGE da gizmo GN: push +0.000→+0.000, h 28.802→29.016
[BS  240.481] RECOMPUTE push=+0.000 h=29.016 faces=10 tris=308 occt=5.2ms (build 3.3, tess 1.9) mesh=0.3ms
[BS  240.488] CHANGE da gizmo GN: push +0.000→+0.000, h 29.016→29.267
[BS  240.493] RECOMPUTE push=+0.000 h=29.267 faces=10 tris=308 occt=5.3ms (build 3.4, tess 1.9) mesh=0.3ms
[BS  240.497] CHANGE da gizmo GN: push +0.000→+0.000, h 29.267→29.422
[BS  240.503] RECOMPUTE push=+0.000 h=29.422 faces=10 tris=308 occt=5.3ms (build 3.4, tess 1.9) mesh=0.3ms
[BS  240.506] CHANGE da gizmo GN: push +0.000→+0.000, h 29.422→29.525
[BS  240.512] RECOMPUTE push=+0.000 h=29.525 faces=10 tris=308 occt=5.2ms (build 3.4, tess 1.8) mesh=0.2ms
[BS  240.517] CHANGE da gizmo GN: push +0.000→+0.000, h 29.525→29.672
[BS  240.522] RECOMPUTE push=+0.000 h=29.672 faces=10 tris=308 occt=5.4ms (build 3.4, tess 2.0) mesh=0.3ms
[BS  240.526] CHANGE da gizmo GN: push +0.000→+0.000, h 29.672→29.987
[BS  240.531] RECOMPUTE push=+0.000 h=29.987 faces=10 tris=308 occt=5.2ms (build 3.3, tess 1.9) mesh=0.2ms
[BS  240.535] CHANGE da gizmo GN: push +0.000→+0.000, h 29.987→30.185
[BS  240.541] RECOMPUTE push=+0.000 h=30.185 faces=10 tris=308 occt=5.2ms (build 3.3, tess 1.9) mesh=0.2ms
[BS  240.544] CHANGE da gizmo GN: push +0.000→+0.000, h 30.185→30.337
[BS  240.550] RECOMPUTE push=+0.000 h=30.337 faces=10 tris=308 occt=5.4ms (build 3.5, tess 1.9) mesh=0.3ms
[BS  240.554] CHANGE da gizmo GN: push +0.000→+0.000, h 30.337→30.548
[BS  240.559] RECOMPUTE push=+0.000 h=30.548 faces=10 tris=308 occt=5.2ms (build 3.3, tess 1.9) mesh=0.2ms
[BS  240.563] CHANGE da gizmo GN: push +0.000→+0.000, h 30.548→30.847
[BS  240.569] RECOMPUTE push=+0.000 h=30.847 faces=10 tris=308 occt=5.5ms (build 3.7, tess 1.8) mesh=0.3ms
[BS  240.572] CHANGE da gizmo GN: push +0.000→+0.000, h 30.847→31.042
[BS  240.578] RECOMPUTE push=+0.000 h=31.042 faces=10 tris=308 occt=5.3ms (build 3.3, tess 2.0) mesh=0.2ms
[BS  240.581] CHANGE da gizmo GN: push +0.000→+0.000, h 31.042→31.144
[BS  240.587] RECOMPUTE push=+0.000 h=31.144 faces=10 tris=308 occt=5.3ms (build 3.4, tess 1.8) mesh=0.2ms
[BS  240.591] CHANGE da gizmo GN: push +0.000→+0.000, h 31.144→31.340
[BS  240.596] RECOMPUTE push=+0.000 h=31.340 faces=10 tris=308 occt=5.2ms (build 3.2, tess 2.0) mesh=0.2ms
[BS  240.607] CHANGE da gizmo GN: push +0.000→+0.000, h 31.340→31.498
[BS  240.613] RECOMPUTE push=+0.000 h=31.498 faces=10 tris=308 occt=5.5ms (build 3.7, tess 1.9) mesh=0.3ms
[BS  240.617] CHANGE da gizmo GN: push +0.000→+0.000, h 31.498→31.693
[BS  240.622] RECOMPUTE push=+0.000 h=31.693 faces=10 tris=308 occt=5.3ms (build 3.3, tess 1.9) mesh=0.3ms
[BS  240.634] CHANGE da gizmo GN: push +0.000→+0.000, h 31.693→31.793
[BS  240.640] RECOMPUTE push=+0.000 h=31.793 faces=10 tris=308 occt=6.0ms (build 4.0, tess 2.0) mesh=0.3ms
[BS  240.644] CHANGE da gizmo GN: push +0.000→+0.000, h 31.793→31.844
[BS  240.650] RECOMPUTE push=+0.000 h=31.844 faces=10 tris=308 occt=5.5ms (build 3.5, tess 1.9) mesh=0.3ms
[BS  240.746] CHANGE da gizmo GN: push +0.000→+0.000, h 31.844→31.793
[BS  240.752] RECOMPUTE push=+0.000 h=31.793 faces=10 tris=308 occt=5.8ms (build 3.6, tess 2.2) mesh=0.3ms
[BS  240.757] CHANGE da gizmo GN: push +0.000→+0.000, h 31.793→31.649
[BS  240.762] RECOMPUTE push=+0.000 h=31.649 faces=10 tris=308 occt=5.3ms (build 3.5, tess 1.8) mesh=0.3ms
[BS  240.766] CHANGE da gizmo GN: push +0.000→+0.000, h 31.649→31.498
[BS  240.771] RECOMPUTE push=+0.000 h=31.498 faces=10 tris=308 occt=5.1ms (build 3.3, tess 1.8) mesh=0.3ms
[BS  240.775] CHANGE da gizmo GN: push +0.000→+0.000, h 31.498→31.398
[BS  240.780] RECOMPUTE push=+0.000 h=31.398 faces=10 tris=308 occt=5.0ms (build 3.3, tess 1.8) mesh=0.2ms
[BS  240.784] CHANGE da gizmo GN: push +0.000→+0.000, h 31.398→31.186
[BS  240.790] RECOMPUTE push=+0.000 h=31.186 faces=10 tris=308 occt=5.7ms (build 3.9, tess 1.8) mesh=0.3ms
[BS  240.802] CHANGE da gizmo GN: push +0.000→+0.000, h 31.186→30.847
[BS  240.807] RECOMPUTE push=+0.000 h=30.847 faces=10 tris=308 occt=5.4ms (build 3.5, tess 1.9) mesh=0.3ms
[BS  240.812] CHANGE da gizmo GN: push +0.000→+0.000, h 30.847→30.497
[BS  240.817] RECOMPUTE push=+0.000 h=30.497 faces=10 tris=308 occt=5.3ms (build 3.4, tess 1.9) mesh=0.3ms
[BS  240.821] CHANGE da gizmo GN: push +0.000→+0.000, h 30.497→29.935
[BS  240.827] RECOMPUTE push=+0.000 h=29.935 faces=10 tris=308 occt=5.4ms (build 3.4, tess 2.0) mesh=0.2ms
[BS  240.830] CHANGE da gizmo GN: push +0.000→+0.000, h 29.935→29.723
[BS  240.836] RECOMPUTE push=+0.000 h=29.723 faces=10 tris=308 occt=5.8ms (build 4.0, tess 1.8) mesh=0.3ms
[BS  240.840] CHANGE da gizmo GN: push +0.000→+0.000, h 29.723→29.224
[BS  240.845] RECOMPUTE push=+0.000 h=29.224 faces=10 tris=308 occt=5.2ms (build 3.3, tess 1.8) mesh=0.3ms
[BS  240.849] CHANGE da gizmo GN: push +0.000→+0.000, h 29.224→28.498
[BS  240.855] RECOMPUTE push=+0.000 h=28.498 faces=10 tris=308 occt=5.3ms (build 3.5, tess 1.8) mesh=0.2ms
[BS  240.858] CHANGE da gizmo GN: push +0.000→+0.000, h 28.498→27.933
[BS  240.864] RECOMPUTE push=+0.000 h=27.933 faces=10 tris=308 occt=5.3ms (build 3.4, tess 1.9) mesh=0.3ms
[BS  240.868] CHANGE da gizmo GN: push +0.000→+0.000, h 27.933→27.725
[BS  240.873] RECOMPUTE push=+0.000 h=27.725 faces=10 tris=308 occt=5.2ms (build 3.4, tess 1.8) mesh=0.2ms
[BS  240.884] CHANGE da gizmo GN: push +0.000→+0.000, h 27.725→26.944
[BS  240.890] RECOMPUTE push=+0.000 h=26.944 faces=10 tris=308 occt=5.4ms (build 3.6, tess 1.8) mesh=0.3ms
[BS  240.894] CHANGE da gizmo GN: push +0.000→+0.000, h 26.944→26.363
[BS  240.899] RECOMPUTE push=+0.000 h=26.363 faces=10 tris=308 occt=5.1ms (build 3.3, tess 1.8) mesh=0.2ms
[BS  240.903] CHANGE da gizmo GN: push +0.000→+0.000, h 26.363→25.687
[BS  240.908] RECOMPUTE push=+0.000 h=25.687 faces=10 tris=308 occt=5.2ms (build 3.3, tess 1.9) mesh=0.3ms
[BS  240.912] CHANGE da gizmo GN: push +0.000→+0.000, h 25.687→25.466
[BS  240.917] RECOMPUTE push=+0.000 h=25.466 faces=10 tris=308 occt=5.3ms (build 3.4, tess 1.9) mesh=0.3ms
[BS  240.921] CHANGE da gizmo GN: push +0.000→+0.000, h 25.466→24.946
[BS  240.927] RECOMPUTE push=+0.000 h=24.946 faces=10 tris=308 occt=5.3ms (build 3.5, tess 1.8) mesh=0.2ms
[BS  240.931] CHANGE da gizmo GN: push +0.000→+0.000, h 24.946→24.308
[BS  240.936] RECOMPUTE push=+0.000 h=24.308 faces=10 tris=308 occt=5.2ms (build 3.4, tess 1.8) mesh=0.2ms
[BS  240.940] CHANGE da gizmo GN: push +0.000→+0.000, h 24.308→24.146
[BS  240.945] RECOMPUTE push=+0.000 h=24.146 faces=10 tris=308 occt=5.3ms (build 3.4, tess 1.8) mesh=0.3ms
[BS  240.957] CHANGE da gizmo GN: push +0.000→+0.000, h 24.146→23.496
[BS  240.962] RECOMPUTE push=+0.000 h=23.496 faces=10 tris=308 occt=5.3ms (build 3.4, tess 1.9) mesh=0.3ms
[BS  240.966] CHANGE da gizmo GN: push +0.000→+0.000, h 23.496→23.340
[BS  240.972] RECOMPUTE push=+0.000 h=23.340 faces=10 tris=308 occt=5.2ms (build 3.4, tess 1.9) mesh=0.2ms
[BS  240.975] CHANGE da gizmo GN: push +0.000→+0.000, h 23.340→23.115
[BS  240.980] RECOMPUTE push=+0.000 h=23.115 faces=10 tris=308 occt=5.1ms (build 3.3, tess 1.8) mesh=0.2ms
[BS  240.984] CHANGE da gizmo GN: push +0.000→+0.000, h 23.115→22.528
[BS  240.989] RECOMPUTE push=+0.000 h=22.528 faces=10 tris=308 occt=5.1ms (build 3.3, tess 1.8) mesh=0.2ms
[BS  240.993] CHANGE da gizmo GN: push +0.000→+0.000, h 22.528→22.364
[BS  240.998] RECOMPUTE push=+0.000 h=22.364 faces=10 tris=308 occt=5.3ms (build 3.4, tess 1.9) mesh=0.2ms
[BS  241.002] CHANGE da gizmo GN: push +0.000→+0.000, h 22.364→22.190
[BS  241.008] RECOMPUTE push=+0.000 h=22.190 faces=10 tris=308 occt=5.7ms (build 3.9, tess 1.9) mesh=0.3ms
[BS  241.020] CHANGE da gizmo GN: push +0.000→+0.000, h 22.190→21.482
[BS  241.025] RECOMPUTE push=+0.000 h=21.482 faces=10 tris=308 occt=5.3ms (build 3.4, tess 1.9) mesh=0.2ms
[BS  241.029] CHANGE da gizmo GN: push +0.000→+0.000, h 21.482→21.316
[BS  241.034] RECOMPUTE push=+0.000 h=21.316 faces=10 tris=308 occt=5.1ms (build 3.2, tess 1.9) mesh=0.3ms
[BS  241.037] CHANGE da gizmo GN: push +0.000→+0.000, h 21.316→20.936
[BS  241.043] RECOMPUTE push=+0.000 h=20.936 faces=10 tris=308 occt=5.2ms (build 3.3, tess 1.9) mesh=0.2ms
[BS  241.046] CHANGE da gizmo GN: push +0.000→+0.000, h 20.936→20.832
[BS  241.052] RECOMPUTE push=+0.000 h=20.832 faces=10 tris=308 occt=5.1ms (build 3.3, tess 1.8) mesh=0.2ms
[BS  241.055] CHANGE da gizmo GN: push +0.000→+0.000, h 20.832→20.609
[BS  241.061] RECOMPUTE push=+0.000 h=20.609 faces=10 tris=308 occt=5.1ms (build 3.3, tess 1.8) mesh=0.2ms
[BS  241.071] CHANGE da gizmo GN: push +0.000→+0.000, h 20.609→20.218
[BS  241.077] RECOMPUTE push=+0.000 h=20.218 faces=10 tris=308 occt=5.2ms (build 3.4, tess 1.8) mesh=0.2ms
[BS  241.080] CHANGE da gizmo GN: push +0.000→+0.000, h 20.218→19.890
[BS  241.084] RECOMPUTE push=+0.000 h=19.890 faces=8 tris=140 occt=3.6ms (build 2.4, tess 1.1) mesh=0.2ms
[BS  241.095] CHANGE da gizmo GN: push +0.000→+0.000, h 19.890→19.545
[BS  241.100] RECOMPUTE push=+0.000 h=19.545 faces=8 tris=140 occt=4.9ms (build 2.6, tess 2.3) mesh=0.2ms
[BS  241.104] CHANGE da gizmo GN: push +0.000→+0.000, h 19.545→19.383
[BS  241.108] RECOMPUTE push=+0.000 h=19.383 faces=8 tris=140 occt=3.7ms (build 2.5, tess 1.2) mesh=0.2ms
[BS  241.112] CHANGE da gizmo GN: push +0.000→+0.000, h 19.383→19.214
[BS  241.116] RECOMPUTE push=+0.000 h=19.214 faces=8 tris=140 occt=3.7ms (build 2.5, tess 1.2) mesh=0.2ms
[BS  241.119] CHANGE da gizmo GN: push +0.000→+0.000, h 19.214→19.110
[BS  241.123] RECOMPUTE push=+0.000 h=19.110 faces=8 tris=140 occt=3.6ms (build 2.4, tess 1.2) mesh=0.2ms
[BS  241.126] CHANGE da gizmo GN: push +0.000→+0.000, h 19.110→18.940
[BS  241.130] RECOMPUTE push=+0.000 h=18.940 faces=8 tris=140 occt=3.7ms (build 2.4, tess 1.3) mesh=0.2ms
[BS  241.133] CHANGE da gizmo GN: push +0.000→+0.000, h 18.940→18.826
[BS  241.137] RECOMPUTE push=+0.000 h=18.826 faces=8 tris=140 occt=3.8ms (build 2.5, tess 1.3) mesh=0.2ms
[BS  241.141] CHANGE da gizmo GN: push +0.000→+0.000, h 18.826→18.706
[BS  241.145] RECOMPUTE push=+0.000 h=18.706 faces=8 tris=140 occt=3.7ms (build 2.5, tess 1.2) mesh=0.2ms
[BS  241.148] CHANGE da gizmo GN: push +0.000→+0.000, h 18.706→18.593
[BS  241.152] RECOMPUTE push=+0.000 h=18.593 faces=8 tris=140 occt=3.6ms (build 2.4, tess 1.2) mesh=0.2ms
[BS  241.155] CHANGE da gizmo GN: push +0.000→+0.000, h 18.593→18.487
[BS  241.159] RECOMPUTE push=+0.000 h=18.487 faces=8 tris=140 occt=3.6ms (build 2.4, tess 1.2) mesh=0.2ms
[BS  241.170] CHANGE da gizmo GN: push +0.000→+0.000, h 18.487→18.259
[BS  241.174] RECOMPUTE push=+0.000 h=18.259 faces=8 tris=140 occt=3.7ms (build 2.5, tess 1.2) mesh=0.2ms
[BS  241.178] CHANGE da gizmo GN: push +0.000→+0.000, h 18.259→18.211
[BS  241.182] RECOMPUTE push=+0.000 h=18.211 faces=8 tris=140 occt=3.7ms (build 2.5, tess 1.2) mesh=0.2ms
[BS  241.193] CHANGE da gizmo GN: push +0.000→+0.000, h 18.211→18.082
[BS  241.196] RECOMPUTE push=+0.000 h=18.082 faces=8 tris=140 occt=3.7ms (build 2.5, tess 1.2) mesh=0.2ms
[BS  241.200] CHANGE da gizmo GN: push +0.000→+0.000, h 18.082→17.975
[BS  241.204] RECOMPUTE push=+0.000 h=17.975 faces=8 tris=140 occt=3.7ms (build 2.5, tess 1.2) mesh=0.2ms
[BS  241.207] CHANGE da gizmo GN: push +0.000→+0.000, h 17.975→17.749
[BS  241.211] RECOMPUTE push=+0.000 h=17.749 faces=8 tris=140 occt=3.7ms (build 2.4, tess 1.2) mesh=0.2ms
[BS  241.223] CHANGE da gizmo GN: push +0.000→+0.000, h 17.749→17.641
[BS  241.227] RECOMPUTE push=+0.000 h=17.641 faces=8 tris=140 occt=4.0ms (build 2.7, tess 1.3) mesh=0.2ms
[BS  241.231] CHANGE da gizmo GN: push +0.000→+0.000, h 17.641→17.354
[BS  241.236] RECOMPUTE push=+0.000 h=17.354 faces=8 tris=140 occt=3.9ms (build 2.7, tess 1.3) mesh=0.2ms
[BS  241.239] CHANGE da gizmo GN: push +0.000→+0.000, h 17.354→17.250
[BS  241.244] RECOMPUTE push=+0.000 h=17.250 faces=8 tris=140 occt=4.0ms (build 2.7, tess 1.3) mesh=0.2ms
[BS  241.255] CHANGE da gizmo GN: push +0.000→+0.000, h 17.250→17.026
[BS  241.259] RECOMPUTE push=+0.000 h=17.026 faces=8 tris=140 occt=3.8ms (build 2.5, tess 1.3) mesh=0.2ms
[BS  241.277] CHANGE da gizmo GN: push +0.000→+0.000, h 17.026→16.732
[BS  241.281] RECOMPUTE push=+0.000 h=16.732 faces=8 tris=140 occt=3.9ms (build 2.6, tess 1.3) mesh=0.2ms
[BS  241.293] CHANGE da gizmo GN: push +0.000→+0.000, h 16.732→16.501
[BS  241.297] RECOMPUTE push=+0.000 h=16.501 faces=8 tris=140 occt=4.0ms (build 2.6, tess 1.4) mesh=0.2ms
[BS  241.301] CHANGE da gizmo GN: push +0.000→+0.000, h 16.501→16.392
[BS  241.305] RECOMPUTE push=+0.000 h=16.392 faces=8 tris=140 occt=3.8ms (build 2.5, tess 1.2) mesh=0.2ms
[BS  241.308] CHANGE da gizmo GN: push +0.000→+0.000, h 16.392→16.153
[BS  241.312] RECOMPUTE push=+0.000 h=16.153 faces=8 tris=140 occt=3.8ms (build 2.5, tess 1.3) mesh=0.2ms
[BS  241.316] CHANGE da gizmo GN: push +0.000→+0.000, h 16.153→15.923
[BS  241.320] RECOMPUTE push=+0.000 h=15.923 faces=8 tris=140 occt=3.8ms (build 2.5, tess 1.3) mesh=0.2ms
[BS  241.323] CHANGE da gizmo GN: push +0.000→+0.000, h 15.923→15.640
[BS  241.327] RECOMPUTE push=+0.000 h=15.640 faces=8 tris=140 occt=3.6ms (build 2.4, tess 1.2) mesh=0.2ms
[BS  241.331] CHANGE da gizmo GN: push +0.000→+0.000, h 15.640→15.474
[BS  241.335] RECOMPUTE push=+0.000 h=15.474 faces=8 tris=140 occt=3.7ms (build 2.5, tess 1.2) mesh=0.2ms
[BS  241.338] CHANGE da gizmo GN: push +0.000→+0.000, h 15.474→15.240
[BS  241.342] RECOMPUTE push=+0.000 h=15.240 faces=8 tris=140 occt=3.7ms (build 2.5, tess 1.3) mesh=0.2ms
[BS  241.354] CHANGE da gizmo GN: push +0.000→+0.000, h 15.240→14.656
[BS  241.358] RECOMPUTE push=+0.000 h=14.656 faces=8 tris=140 occt=3.9ms (build 2.7, tess 1.3) mesh=0.2ms
[BS  241.362] CHANGE da gizmo GN: push +0.000→+0.000, h 14.656→14.306
[BS  241.367] RECOMPUTE push=+0.000 h=14.306 faces=8 tris=140 occt=4.2ms (build 2.9, tess 1.3) mesh=0.2ms
[BS  241.379] CHANGE da gizmo GN: push +0.000→+0.000, h 14.306→13.722
[BS  241.384] RECOMPUTE push=+0.000 h=13.722 faces=8 tris=140 occt=4.1ms (build 2.8, tess 1.3) mesh=0.2ms
[BS  241.387] CHANGE da gizmo GN: push +0.000→+0.000, h 13.722→13.494
[BS  241.391] RECOMPUTE push=+0.000 h=13.494 faces=8 tris=140 occt=3.6ms (build 2.4, tess 1.2) mesh=0.2ms
[BS  241.395] CHANGE da gizmo GN: push +0.000→+0.000, h 13.494→13.192
[BS  241.398] RECOMPUTE push=+0.000 h=13.192 faces=8 tris=140 occt=3.7ms (build 2.4, tess 1.2) mesh=0.2ms
[BS  241.410] CHANGE da gizmo GN: push +0.000→+0.000, h 13.192→12.595
[BS  241.414] RECOMPUTE push=+0.000 h=12.595 faces=8 tris=140 occt=3.8ms (build 2.6, tess 1.3) mesh=0.2ms
[BS  241.425] CHANGE da gizmo GN: push +0.000→+0.000, h 12.595→12.485
[BS  241.429] RECOMPUTE push=+0.000 h=12.485 faces=8 tris=140 occt=3.8ms (build 2.5, tess 1.3) mesh=0.2ms
[BS  241.433] CHANGE da gizmo GN: push +0.000→+0.000, h 12.485→12.364
[BS  241.437] RECOMPUTE push=+0.000 h=12.364 faces=8 tris=140 occt=3.8ms (build 2.6, tess 1.2) mesh=0.2ms
[BS  241.440] CHANGE da gizmo GN: push +0.000→+0.000, h 12.364→12.133
[BS  241.444] RECOMPUTE push=+0.000 h=12.133 faces=8 tris=140 occt=3.7ms (build 2.5, tess 1.2) mesh=0.2ms
[BS  241.456] CHANGE da gizmo GN: push +0.000→+0.000, h 12.133→11.954
[BS  241.461] RECOMPUTE push=+0.000 h=11.954 faces=8 tris=140 occt=4.3ms (build 3.0, tess 1.3) mesh=0.2ms
[BS  241.464] CHANGE da gizmo GN: push +0.000→+0.000, h 11.954→11.893
[BS  241.468] RECOMPUTE push=+0.000 h=11.893 faces=8 tris=140 occt=3.6ms (build 2.4, tess 1.2) mesh=0.2ms
[BS  241.472] CHANGE da gizmo GN: push +0.000→+0.000, h 11.893→11.840
[BS  241.476] RECOMPUTE push=+0.000 h=11.840 faces=8 tris=140 occt=3.8ms (build 2.6, tess 1.2) mesh=0.2ms
[BS  241.487] CHANGE da gizmo GN: push +0.000→+0.000, h 11.840→11.783
[BS  241.491] RECOMPUTE push=+0.000 h=11.783 faces=8 tris=140 occt=3.9ms (build 2.7, tess 1.2) mesh=0.2ms
[BS  241.494] CHANGE da gizmo GN: push +0.000→+0.000, h 11.783→11.722
[BS  241.498] RECOMPUTE push=+0.000 h=11.722 faces=8 tris=140 occt=3.6ms (build 2.4, tess 1.2) mesh=0.2ms
[BS  241.501] CHANGE da gizmo GN: push +0.000→+0.000, h 11.722→11.664
[BS  241.505] RECOMPUTE push=+0.000 h=11.664 faces=8 tris=140 occt=3.7ms (build 2.5, tess 1.2) mesh=0.2ms
[BS  241.516] CHANGE da gizmo GN: push +0.000→+0.000, h 11.664→11.600
[BS  241.520] RECOMPUTE push=+0.000 h=11.600 faces=8 tris=140 occt=3.8ms (build 2.6, tess 1.2) mesh=0.2ms
[BS  241.546] CHANGE da gizmo GN: push +0.000→+0.000, h 11.600→11.542
[BS  241.550] RECOMPUTE push=+0.000 h=11.542 faces=8 tris=140 occt=4.1ms (build 2.8, tess 1.4) mesh=0.2ms
[BS  241.568] CHANGE da gizmo GN: push +0.000→+0.000, h 11.542→11.473
[BS  241.572] RECOMPUTE push=+0.000 h=11.473 faces=8 tris=140 occt=4.0ms (build 2.7, tess 1.3) mesh=0.2ms
[BS  241.576] CHANGE da gizmo GN: push +0.000→+0.000, h 11.473→11.412
[BS  241.580] RECOMPUTE push=+0.000 h=11.412 faces=8 tris=140 occt=3.6ms (build 2.4, tess 1.2) mesh=0.2ms
[BS  241.651] CHANGE da gizmo GN: push +0.000→+0.000, h 11.412→11.473
[BS  241.656] RECOMPUTE push=+0.000 h=11.473 faces=8 tris=140 occt=4.1ms (build 2.8, tess 1.4) mesh=0.2ms
[BS  241.661] CHANGE da gizmo GN: push +0.000→+0.000, h 11.473→11.722
[BS  241.665] RECOMPUTE push=+0.000 h=11.722 faces=8 tris=140 occt=4.0ms (build 2.6, tess 1.4) mesh=0.2ms
[BS  241.669] CHANGE da gizmo GN: push +0.000→+0.000, h 11.722→11.893
[BS  241.673] RECOMPUTE push=+0.000 h=11.893 faces=8 tris=140 occt=4.1ms (build 2.8, tess 1.4) mesh=0.2ms
[BS  241.677] CHANGE da gizmo GN: push +0.000→+0.000, h 11.893→12.243
[BS  241.682] RECOMPUTE push=+0.000 h=12.243 faces=8 tris=140 occt=4.2ms (build 2.7, tess 1.5) mesh=0.2ms
[BS  241.695] CHANGE da gizmo GN: push +0.000→+0.000, h 12.243→13.022
[BS  241.699] RECOMPUTE push=+0.000 h=13.022 faces=8 tris=140 occt=3.9ms (build 2.7, tess 1.2) mesh=0.2ms
[BS  241.703] CHANGE da gizmo GN: push +0.000→+0.000, h 13.022→13.845
[BS  241.707] RECOMPUTE push=+0.000 h=13.845 faces=8 tris=140 occt=3.8ms (build 2.6, tess 1.2) mesh=0.2ms
[BS  241.720] CHANGE da gizmo GN: push +0.000→+0.000, h 13.845→15.003
[BS  241.724] RECOMPUTE push=+0.000 h=15.003 faces=8 tris=140 occt=4.0ms (build 2.8, tess 1.3) mesh=0.2ms
[BS  241.728] CHANGE da gizmo GN: push +0.000→+0.000, h 15.003→15.585
[BS  241.732] RECOMPUTE push=+0.000 h=15.585 faces=8 tris=140 occt=3.9ms (build 2.5, tess 1.4) mesh=0.2ms
[BS  241.744] CHANGE da gizmo GN: push +0.000→+0.000, h 15.585→16.396
[BS  241.748] RECOMPUTE push=+0.000 h=16.396 faces=8 tris=140 occt=3.9ms (build 2.7, tess 1.3) mesh=0.2ms
[BS  241.752] CHANGE da gizmo GN: push +0.000→+0.000, h 16.396→17.029
[BS  241.756] RECOMPUTE push=+0.000 h=17.029 faces=8 tris=140 occt=3.9ms (build 2.6, tess 1.2) mesh=0.2ms
[BS  241.760] CHANGE da gizmo GN: push +0.000→+0.000, h 17.029→17.643
[BS  241.764] RECOMPUTE push=+0.000 h=17.643 faces=8 tris=140 occt=3.7ms (build 2.5, tess 1.2) mesh=0.2ms
[BS  241.775] CHANGE da gizmo GN: push +0.000→+0.000, h 17.643→18.548
[BS  241.779] RECOMPUTE push=+0.000 h=18.548 faces=8 tris=140 occt=3.7ms (build 2.6, tess 1.2) mesh=0.2ms
[BS  241.782] CHANGE da gizmo GN: push +0.000→+0.000, h 18.548→19.115
[BS  241.786] RECOMPUTE push=+0.000 h=19.115 faces=8 tris=140 occt=3.9ms (build 2.6, tess 1.2) mesh=0.2ms
[BS  241.798] CHANGE da gizmo GN: push +0.000→+0.000, h 19.115→19.388
[BS  241.802] RECOMPUTE push=+0.000 h=19.388 faces=8 tris=140 occt=3.8ms (build 2.5, tess 1.3) mesh=0.2ms
[BS  241.806] CHANGE da gizmo GN: push +0.000→+0.000, h 19.388→19.895
[BS  241.809] RECOMPUTE push=+0.000 h=19.895 faces=8 tris=140 occt=3.7ms (build 2.5, tess 1.2) mesh=0.2ms
[BS  241.813] CHANGE da gizmo GN: push +0.000→+0.000, h 19.895→20.439
[BS  241.818] RECOMPUTE push=+0.000 h=20.439 faces=10 tris=308 occt=5.1ms (build 3.3, tess 1.8) mesh=0.3ms
[BS  241.822] CHANGE da gizmo GN: push +0.000→+0.000, h 20.439→20.613
[BS  241.827] RECOMPUTE push=+0.000 h=20.613 faces=10 tris=308 occt=5.1ms (build 3.3, tess 1.9) mesh=0.2ms
[BS  241.831] CHANGE da gizmo GN: push +0.000→+0.000, h 20.613→21.209
[BS  241.837] RECOMPUTE push=+0.000 h=21.209 faces=10 tris=308 occt=5.3ms (build 3.4, tess 1.8) mesh=0.3ms
[BS  241.841] CHANGE da gizmo GN: push +0.000→+0.000, h 21.209→21.605
[BS  241.846] RECOMPUTE push=+0.000 h=21.605 faces=10 tris=308 occt=5.4ms (build 3.5, tess 2.0) mesh=0.2ms
[BS  241.850] CHANGE da gizmo GN: push +0.000→+0.000, h 21.605→21.715
[BS  241.855] RECOMPUTE push=+0.000 h=21.715 faces=10 tris=308 occt=5.3ms (build 3.4, tess 1.9) mesh=0.2ms
[BS  241.859] CHANGE da gizmo GN: push +0.000→+0.000, h 21.715→22.038
[BS  241.864] RECOMPUTE push=+0.000 h=22.038 faces=10 tris=308 occt=5.1ms (build 3.3, tess 1.8) mesh=0.2ms
[BS  241.868] CHANGE da gizmo GN: push +0.000→+0.000, h 22.038→22.368
[BS  241.873] RECOMPUTE push=+0.000 h=22.368 faces=10 tris=308 occt=5.2ms (build 3.5, tess 1.8) mesh=0.2ms
[BS  241.877] CHANGE da gizmo GN: push +0.000→+0.000, h 22.368→22.477
[BS  241.882] RECOMPUTE push=+0.000 h=22.477 faces=10 tris=308 occt=5.2ms (build 3.3, tess 1.9) mesh=0.3ms
[BS  241.886] CHANGE da gizmo GN: push +0.000→+0.000, h 22.477→22.587
[BS  241.891] RECOMPUTE push=+0.000 h=22.587 faces=10 tris=308 occt=5.2ms (build 3.3, tess 1.9) mesh=0.3ms
[BS  241.895] CHANGE da gizmo GN: push +0.000→+0.000, h 22.587→22.798
[BS  241.901] RECOMPUTE push=+0.000 h=22.798 faces=10 tris=308 occt=5.4ms (build 3.5, tess 1.9) mesh=0.3ms
[BS  241.905] CHANGE da gizmo GN: push +0.000→+0.000, h 22.798→22.907
[BS  241.910] RECOMPUTE push=+0.000 h=22.907 faces=10 tris=308 occt=5.4ms (build 3.4, tess 1.9) mesh=0.3ms
[BS  241.914] CHANGE da gizmo GN: push +0.000→+0.000, h 22.907→23.172
[BS  241.920] RECOMPUTE push=+0.000 h=23.172 faces=10 tris=308 occt=5.6ms (build 3.7, tess 1.9) mesh=0.3ms
[BS  241.924] CHANGE da gizmo GN: push +0.000→+0.000, h 23.172→23.288
[BS  241.930] RECOMPUTE push=+0.000 h=23.288 faces=10 tris=308 occt=5.3ms (build 3.4, tess 1.9) mesh=0.3ms
[BS  241.933] CHANGE da gizmo GN: push +0.000→+0.000, h 23.288→23.343
[BS  241.939] RECOMPUTE push=+0.000 h=23.343 faces=10 tris=308 occt=5.2ms (build 3.3, tess 1.9) mesh=0.2ms
[BS  241.942] CHANGE da gizmo GN: push +0.000→+0.000, h 23.343→23.451
[BS  241.948] RECOMPUTE push=+0.000 h=23.451 faces=10 tris=308 occt=5.3ms (build 3.4, tess 1.9) mesh=0.3ms
[BS  241.952] CHANGE da gizmo GN: push +0.000→+0.000, h 23.451→23.661
[BS  241.958] RECOMPUTE push=+0.000 h=23.661 faces=10 tris=308 occt=5.6ms (build 3.6, tess 1.9) mesh=0.3ms
[BS  241.961] CHANGE da gizmo GN: push +0.000→+0.000, h 23.661→23.715
[BS  241.967] RECOMPUTE push=+0.000 h=23.715 faces=10 tris=308 occt=5.4ms (build 3.4, tess 1.9) mesh=0.2ms
[BS  241.970] CHANGE da gizmo GN: push +0.000→+0.000, h 23.715→23.769
[BS  241.976] RECOMPUTE push=+0.000 h=23.769 faces=10 tris=308 occt=5.7ms (build 3.9, tess 1.8) mesh=0.3ms
[BS  241.980] CHANGE da gizmo GN: push +0.000→+0.000, h 23.769→23.870
[BS  241.985] RECOMPUTE push=+0.000 h=23.870 faces=10 tris=308 occt=5.1ms (build 3.3, tess 1.8) mesh=0.3ms
[BS  241.989] CHANGE da gizmo GN: push +0.000→+0.000, h 23.870→24.094
[BS  241.994] RECOMPUTE push=+0.000 h=24.094 faces=10 tris=308 occt=5.2ms (build 3.3, tess 1.9) mesh=0.2ms
[BS  241.998] CHANGE da gizmo GN: push +0.000→+0.000, h 24.094→24.148
[BS  242.003] RECOMPUTE push=+0.000 h=24.148 faces=10 tris=308 occt=5.2ms (build 3.4, tess 1.9) mesh=0.2ms
[BS  242.007] CHANGE da gizmo GN: push +0.000→+0.000, h 24.148→24.202
[BS  242.012] RECOMPUTE push=+0.000 h=24.202 faces=10 tris=308 occt=5.1ms (build 3.2, tess 1.8) mesh=0.2ms
[BS  242.016] CHANGE da gizmo GN: push +0.000→+0.000, h 24.202→24.255
[BS  242.021] RECOMPUTE push=+0.000 h=24.255 faces=10 tris=308 occt=5.2ms (build 3.4, tess 1.8) mesh=0.2ms
[BS  242.025] CHANGE da gizmo GN: push +0.000→+0.000, h 24.255→24.356
[BS  242.030] RECOMPUTE push=+0.000 h=24.356 faces=10 tris=308 occt=5.1ms (build 3.2, tess 1.9) mesh=0.3ms
[BS  242.034] CHANGE da gizmo GN: push +0.000→+0.000, h 24.356→24.464
[BS  242.039] RECOMPUTE push=+0.000 h=24.464 faces=10 tris=308 occt=5.2ms (build 3.3, tess 1.9) mesh=0.2ms
[BS  242.043] CHANGE da gizmo GN: push +0.000→+0.000, h 24.464→24.571
[BS  242.048] RECOMPUTE push=+0.000 h=24.571 faces=10 tris=308 occt=5.2ms (build 3.3, tess 1.9) mesh=0.2ms
[BS  242.052] CHANGE da gizmo GN: push +0.000→+0.000, h 24.571→24.617
[BS  242.057] RECOMPUTE push=+0.000 h=24.617 faces=10 tris=308 occt=5.1ms (build 3.2, tess 1.8) mesh=0.2ms
[BS  242.060] CHANGE da gizmo GN: push +0.000→+0.000, h 24.617→24.725
[BS  242.066] RECOMPUTE push=+0.000 h=24.725 faces=10 tris=308 occt=5.1ms (build 3.2, tess 1.8) mesh=0.2ms
[BS  242.069] CHANGE da gizmo GN: push +0.000→+0.000, h 24.725→24.832
[BS  242.074] RECOMPUTE push=+0.000 h=24.832 faces=10 tris=308 occt=5.1ms (build 3.2, tess 1.8) mesh=0.2ms
[BS  242.078] CHANGE da gizmo GN: push +0.000→+0.000, h 24.832→25.001
[BS  242.084] RECOMPUTE push=+0.000 h=25.001 faces=10 tris=308 occt=5.3ms (build 3.4, tess 1.9) mesh=0.2ms
[BS  242.087] CHANGE da gizmo GN: push +0.000→+0.000, h 25.001→25.108
[BS  242.093] RECOMPUTE push=+0.000 h=25.108 faces=10 tris=308 occt=5.1ms (build 3.3, tess 1.8) mesh=0.2ms
[BS  242.096] CHANGE da gizmo GN: push +0.000→+0.000, h 25.108→25.154
[BS  242.102] RECOMPUTE push=+0.000 h=25.154 faces=10 tris=308 occt=5.2ms (build 3.4, tess 1.9) mesh=0.2ms
[BS  242.105] CHANGE da gizmo GN: push +0.000→+0.000, h 25.154→25.207
[BS  242.111] RECOMPUTE push=+0.000 h=25.207 faces=10 tris=308 occt=5.3ms (build 3.4, tess 1.9) mesh=0.3ms
[BS  242.114] CHANGE da gizmo GN: push +0.000→+0.000, h 25.207→25.314
[BS  242.120] RECOMPUTE push=+0.000 h=25.314 faces=10 tris=308 occt=5.4ms (build 3.5, tess 1.9) mesh=0.2ms
[BS  242.123] CHANGE da gizmo GN: push +0.000→+0.000, h 25.314→25.520
[BS  242.129] RECOMPUTE push=+0.000 h=25.520 faces=10 tris=308 occt=5.4ms (build 3.4, tess 1.9) mesh=0.2ms
[BS  242.133] CHANGE da gizmo GN: push +0.000→+0.000, h 25.520→25.687
[BS  242.138] RECOMPUTE push=+0.000 h=25.687 faces=10 tris=308 occt=5.2ms (build 3.3, tess 1.9) mesh=0.2ms
[BS  242.142] CHANGE da gizmo GN: push +0.000→+0.000, h 25.687→25.794
[BS  242.147] RECOMPUTE push=+0.000 h=25.794 faces=10 tris=308 occt=5.0ms (build 3.2, tess 1.8) mesh=0.2ms
[BS  242.150] CHANGE da gizmo GN: push +0.000→+0.000, h 25.794→25.953
[BS  242.156] RECOMPUTE push=+0.000 h=25.953 faces=10 tris=308 occt=5.4ms (build 3.5, tess 1.9) mesh=0.2ms
[BS  242.159] CHANGE da gizmo GN: push +0.000→+0.000, h 25.953→26.105
[BS  242.165] RECOMPUTE push=+0.000 h=26.105 faces=10 tris=308 occt=5.2ms (build 3.3, tess 1.8) mesh=0.3ms
[BS  242.169] CHANGE da gizmo GN: push +0.000→+0.000, h 26.105→26.264
[BS  242.174] RECOMPUTE push=+0.000 h=26.264 faces=10 tris=308 occt=5.1ms (build 3.2, tess 1.9) mesh=0.2ms
[BS  242.177] CHANGE da gizmo GN: push +0.000→+0.000, h 26.264→26.574
[BS  242.183] RECOMPUTE push=+0.000 h=26.574 faces=10 tris=308 occt=5.6ms (build 3.7, tess 1.9) mesh=0.3ms
[BS  242.187] CHANGE da gizmo GN: push +0.000→+0.000, h 26.574→26.739
[BS  242.192] RECOMPUTE push=+0.000 h=26.739 faces=10 tris=308 occt=5.1ms (build 3.3, tess 1.8) mesh=0.3ms
[BS  242.196] CHANGE da gizmo GN: push +0.000→+0.000, h 26.739→26.942
[BS  242.201] RECOMPUTE push=+0.000 h=26.942 faces=10 tris=308 occt=5.2ms (build 3.3, tess 1.9) mesh=0.2ms
[BS  242.213] CHANGE da gizmo GN: push +0.000→+0.000, h 26.942→27.318
[BS  242.219] RECOMPUTE push=+0.000 h=27.318 faces=10 tris=308 occt=5.7ms (build 3.6, tess 2.1) mesh=0.3ms
[BS  242.223] CHANGE da gizmo GN: push +0.000→+0.000, h 27.318→27.467
[BS  242.229] RECOMPUTE push=+0.000 h=27.467 faces=10 tris=308 occt=5.2ms (build 3.3, tess 1.9) mesh=0.3ms
[BS  242.232] CHANGE da gizmo GN: push +0.000→+0.000, h 27.467→27.669
[BS  242.238] RECOMPUTE push=+0.000 h=27.669 faces=10 tris=308 occt=5.3ms (build 3.4, tess 1.9) mesh=0.3ms
[BS  242.242] CHANGE da gizmo GN: push +0.000→+0.000, h 27.669→27.826
[BS  242.248] RECOMPUTE push=+0.000 h=27.826 faces=10 tris=308 occt=5.8ms (build 3.8, tess 2.0) mesh=0.3ms
[BS  242.252] CHANGE da gizmo GN: push +0.000→+0.000, h 27.826→27.975
[BS  242.257] RECOMPUTE push=+0.000 h=27.975 faces=10 tris=308 occt=5.3ms (build 3.3, tess 1.9) mesh=0.2ms
[BS  242.261] CHANGE da gizmo GN: push +0.000→+0.000, h 27.975→28.131
[BS  242.266] RECOMPUTE push=+0.000 h=28.131 faces=10 tris=308 occt=5.1ms (build 3.3, tess 1.8) mesh=0.3ms
[BS  242.270] CHANGE da gizmo GN: push +0.000→+0.000, h 28.131→28.294
[BS  242.275] RECOMPUTE push=+0.000 h=28.294 faces=10 tris=308 occt=5.3ms (build 3.4, tess 1.9) mesh=0.3ms
[BS  242.279] CHANGE da gizmo GN: push +0.000→+0.000, h 28.294→28.443
[BS  242.284] RECOMPUTE push=+0.000 h=28.443 faces=10 tris=308 occt=5.1ms (build 3.3, tess 1.8) mesh=0.2ms
[BS  242.288] CHANGE da gizmo GN: push +0.000→+0.000, h 28.443→28.702
[BS  242.293] RECOMPUTE push=+0.000 h=28.702 faces=10 tris=308 occt=5.2ms (build 3.3, tess 1.9) mesh=0.3ms
[BS  242.297] CHANGE da gizmo GN: push +0.000→+0.000, h 28.702→28.864
[BS  242.303] RECOMPUTE push=+0.000 h=28.864 faces=10 tris=308 occt=5.2ms (build 3.3, tess 1.9) mesh=0.2ms
[BS  242.320] CHANGE da gizmo GN: push +0.000→+0.000, h 28.864→29.116
[BS  242.326] RECOMPUTE push=+0.000 h=29.116 faces=10 tris=308 occt=5.4ms (build 3.5, tess 1.9) mesh=0.3ms
[BS  242.330] CHANGE da gizmo GN: push +0.000→+0.000, h 29.116→29.262
[BS  242.335] RECOMPUTE push=+0.000 h=29.262 faces=10 tris=308 occt=5.1ms (build 3.3, tess 1.8) mesh=0.2ms
[BS  242.353] CHANGE da gizmo GN: push +0.000→+0.000, h 29.262→29.468
[BS  242.358] RECOMPUTE push=+0.000 h=29.468 faces=10 tris=308 occt=5.4ms (build 3.5, tess 1.8) mesh=0.3ms
[BS  242.362] CHANGE da gizmo GN: push +0.000→+0.000, h 29.468→29.520
[BS  242.367] RECOMPUTE push=+0.000 h=29.520 faces=10 tris=308 occt=5.2ms (build 3.3, tess 1.9) mesh=0.3ms
[BS  242.371] CHANGE da gizmo GN: push +0.000→+0.000, h 29.520→29.564
[BS  242.377] RECOMPUTE push=+0.000 h=29.564 faces=10 tris=308 occt=5.3ms (build 3.3, tess 1.9) mesh=0.3ms
[BS  242.381] CHANGE da gizmo GN: push +0.000→+0.000, h 29.564→29.666
[BS  242.387] RECOMPUTE push=+0.000 h=29.666 faces=10 tris=308 occt=5.3ms (build 3.4, tess 1.9) mesh=0.3ms
[BS  242.405] CHANGE da gizmo GN: push +0.000→+0.000, h 29.666→29.717
[BS  242.411] RECOMPUTE push=+0.000 h=29.717 faces=10 tris=308 occt=5.4ms (build 3.6, tess 1.9) mesh=0.3ms
[BS  243.303] CHANGE da gizmo GN: push +0.000→+0.000, h 29.717→29.614
[BS  243.309] RECOMPUTE push=+0.000 h=29.614 faces=10 tris=308 occt=6.2ms (build 3.8, tess 2.3) mesh=0.3ms
[BS  243.313] CHANGE da gizmo GN: push +0.000→+0.000, h 29.614→29.562
[BS  243.319] RECOMPUTE push=+0.000 h=29.562 faces=10 tris=308 occt=6.2ms (build 4.0, tess 2.2) mesh=0.3ms
[BS  243.324] CHANGE da gizmo GN: push +0.000→+0.000, h 29.562→29.315
[BS  243.329] RECOMPUTE push=+0.000 h=29.315 faces=10 tris=308 occt=5.6ms (build 3.7, tess 1.9) mesh=0.3ms
[BS  243.333] CHANGE da gizmo GN: push +0.000→+0.000, h 29.315→29.154
[BS  243.339] RECOMPUTE push=+0.000 h=29.154 faces=10 tris=308 occt=5.2ms (build 3.3, tess 1.9) mesh=0.3ms
[BS  243.342] CHANGE da gizmo GN: push +0.000→+0.000, h 29.154→28.947
[BS  243.348] RECOMPUTE push=+0.000 h=28.947 faces=10 tris=308 occt=5.2ms (build 3.4, tess 1.8) mesh=0.3ms
[BS  243.352] CHANGE da gizmo GN: push +0.000→+0.000, h 28.947→28.750
[BS  243.357] RECOMPUTE push=+0.000 h=28.750 faces=10 tris=308 occt=5.1ms (build 3.3, tess 1.8) mesh=0.3ms
[BS  243.361] CHANGE da gizmo GN: push +0.000→+0.000, h 28.750→28.396
[BS  243.366] RECOMPUTE push=+0.000 h=28.396 faces=10 tris=308 occt=5.1ms (build 3.3, tess 1.8) mesh=0.2ms
[BS  243.369] CHANGE da gizmo GN: push +0.000→+0.000, h 28.396→28.033
[BS  243.375] RECOMPUTE push=+0.000 h=28.033 faces=10 tris=308 occt=5.2ms (build 3.3, tess 1.9) mesh=0.3ms
[BS  243.379] CHANGE da gizmo GN: push +0.000→+0.000, h 28.033→27.929
[BS  243.385] RECOMPUTE push=+0.000 h=27.929 faces=10 tris=308 occt=5.4ms (build 3.4, tess 2.0) mesh=0.3ms
[BS  243.388] CHANGE da gizmo GN: push +0.000→+0.000, h 27.929→27.409
[BS  243.394] RECOMPUTE push=+0.000 h=27.409 faces=10 tris=308 occt=5.4ms (build 3.5, tess 1.9) mesh=0.2ms
[BS  243.398] CHANGE da gizmo GN: push +0.000→+0.000, h 27.409→26.953
[BS  243.403] RECOMPUTE push=+0.000 h=26.953 faces=10 tris=308 occt=5.5ms (build 3.6, tess 1.9) mesh=0.2ms
[BS  243.407] CHANGE da gizmo GN: push +0.000→+0.000, h 26.953→26.217
[BS  243.413] RECOMPUTE push=+0.000 h=26.217 faces=10 tris=308 occt=5.6ms (build 3.7, tess 1.8) mesh=0.2ms
[BS  243.416] CHANGE da gizmo GN: push +0.000→+0.000, h 26.217→25.689
[BS  243.422] RECOMPUTE push=+0.000 h=25.689 faces=10 tris=308 occt=5.1ms (build 3.3, tess 1.8) mesh=0.2ms
[BS  243.425] CHANGE da gizmo GN: push +0.000→+0.000, h 25.689→25.173
[BS  243.431] RECOMPUTE push=+0.000 h=25.173 faces=10 tris=308 occt=5.2ms (build 3.3, tess 1.8) mesh=0.3ms
[BS  243.434] CHANGE da gizmo GN: push +0.000→+0.000, h 25.173→24.639
[BS  243.439] RECOMPUTE push=+0.000 h=24.639 faces=10 tris=308 occt=5.1ms (build 3.3, tess 1.8) mesh=0.2ms
[BS  243.443] CHANGE da gizmo GN: push +0.000→+0.000, h 24.639→23.949
[BS  243.449] RECOMPUTE push=+0.000 h=23.949 faces=10 tris=308 occt=5.3ms (build 3.5, tess 1.8) mesh=0.3ms
[BS  243.452] CHANGE da gizmo GN: push +0.000→+0.000, h 23.949→23.579
[BS  243.458] RECOMPUTE push=+0.000 h=23.579 faces=10 tris=308 occt=5.3ms (build 3.4, tess 1.8) mesh=0.3ms
[BS  243.462] CHANGE da gizmo GN: push +0.000→+0.000, h 23.579→23.370
[BS  243.467] RECOMPUTE push=+0.000 h=23.370 faces=10 tris=308 occt=5.2ms (build 3.3, tess 1.8) mesh=0.3ms
[BS  243.471] CHANGE da gizmo GN: push +0.000→+0.000, h 23.370→22.983
[BS  243.477] RECOMPUTE push=+0.000 h=22.983 faces=10 tris=308 occt=5.5ms (build 3.6, tess 1.9) mesh=0.3ms
[BS  243.481] CHANGE da gizmo GN: push +0.000→+0.000, h 22.983→22.438
[BS  243.487] RECOMPUTE push=+0.000 h=22.438 faces=10 tris=308 occt=5.3ms (build 3.5, tess 1.8) mesh=0.3ms
[BS  243.491] CHANGE da gizmo GN: push +0.000→+0.000, h 22.438→22.330
[BS  243.497] RECOMPUTE push=+0.000 h=22.330 faces=10 tris=308 occt=5.3ms (build 3.4, tess 1.9) mesh=0.3ms
[BS  243.500] CHANGE da gizmo GN: push +0.000→+0.000, h 22.330→22.009
[BS  243.506] RECOMPUTE push=+0.000 h=22.009 faces=10 tris=308 occt=5.4ms (build 3.5, tess 1.8) mesh=0.3ms
[BS  243.510] CHANGE da gizmo GN: push +0.000→+0.000, h 22.009→21.907
[BS  243.515] RECOMPUTE push=+0.000 h=21.907 faces=10 tris=308 occt=5.2ms (build 3.3, tess 1.9) mesh=0.3ms
[BS  243.519] CHANGE da gizmo GN: push +0.000→+0.000, h 21.907→21.515
[BS  243.524] RECOMPUTE push=+0.000 h=21.515 faces=10 tris=308 occt=5.2ms (build 3.3, tess 1.9) mesh=0.3ms
[BS  243.528] CHANGE da gizmo GN: push +0.000→+0.000, h 21.515→21.412
[BS  243.534] RECOMPUTE push=+0.000 h=21.412 faces=10 tris=308 occt=5.4ms (build 3.5, tess 1.9) mesh=0.2ms
[BS  243.537] CHANGE da gizmo GN: push +0.000→+0.000, h 21.412→21.136
[BS  243.543] RECOMPUTE push=+0.000 h=21.136 faces=10 tris=308 occt=5.4ms (build 3.5, tess 1.9) mesh=0.3ms
[BS  243.547] CHANGE da gizmo GN: push +0.000→+0.000, h 21.136→20.978
[BS  243.552] RECOMPUTE push=+0.000 h=20.978 faces=10 tris=308 occt=5.2ms (build 3.3, tess 1.9) mesh=0.3ms
[BS  243.556] CHANGE da gizmo GN: push +0.000→+0.000, h 20.978→20.804
[BS  243.561] RECOMPUTE push=+0.000 h=20.804 faces=10 tris=308 occt=5.3ms (build 3.3, tess 1.9) mesh=0.3ms
[BS  243.565] CHANGE da gizmo GN: push +0.000→+0.000, h 20.804→20.583
[BS  243.570] RECOMPUTE push=+0.000 h=20.583 faces=10 tris=308 occt=5.1ms (build 3.3, tess 1.8) mesh=0.2ms
[BS  243.574] CHANGE da gizmo GN: push +0.000→+0.000, h 20.583→20.535
[BS  243.579] RECOMPUTE push=+0.000 h=20.535 faces=10 tris=308 occt=5.3ms (build 3.4, tess 1.8) mesh=0.3ms
[BS  243.591] CHANGE da gizmo GN: push +0.000→+0.000, h 20.535→20.480
[BS  243.597] RECOMPUTE push=+0.000 h=20.480 faces=10 tris=308 occt=5.5ms (build 3.5, tess 2.0) mesh=0.3ms
[BS  244.239] CHANGE da gizmo GN: push +0.000→+0.000, h 20.480→20.193
[BS  244.245] RECOMPUTE push=+0.000 h=20.193 faces=10 tris=308 occt=5.6ms (build 3.5, tess 2.1) mesh=0.3ms
[BS  244.249] CHANGE da gizmo GN: push +0.000→+0.000, h 20.193→20.090
[BS  244.254] RECOMPUTE push=+0.000 h=20.090 faces=10 tris=308 occt=5.7ms (build 3.6, tess 2.1) mesh=0.2ms
[BS  244.258] CHANGE da gizmo GN: push +0.000→+0.000, h 20.090→19.921
[BS  244.262] RECOMPUTE push=+0.000 h=19.921 faces=8 tris=140 occt=3.8ms (build 2.6, tess 1.2) mesh=0.2ms
[BS  244.274] CHANGE da gizmo GN: push +0.000→+0.000, h 19.921→19.473
[BS  244.278] RECOMPUTE push=+0.000 h=19.473 faces=8 tris=140 occt=3.9ms (build 2.5, tess 1.4) mesh=0.2ms
[BS  244.282] CHANGE da gizmo GN: push +0.000→+0.000, h 19.473→19.249
[BS  244.286] RECOMPUTE push=+0.000 h=19.249 faces=8 tris=140 occt=3.7ms (build 2.5, tess 1.2) mesh=0.2ms
[BS  244.297] CHANGE da gizmo GN: push +0.000→+0.000, h 19.249→18.917
[BS  244.301] RECOMPUTE push=+0.000 h=18.917 faces=8 tris=140 occt=3.8ms (build 2.6, tess 1.2) mesh=0.2ms
[BS  244.305] CHANGE da gizmo GN: push +0.000→+0.000, h 18.917→18.464
[BS  244.309] RECOMPUTE push=+0.000 h=18.464 faces=8 tris=140 occt=3.8ms (build 2.6, tess 1.2) mesh=0.2ms
[BS  244.321] CHANGE da gizmo GN: push +0.000→+0.000, h 18.464→18.132
[BS  244.325] RECOMPUTE push=+0.000 h=18.132 faces=8 tris=140 occt=4.0ms (build 2.7, tess 1.3) mesh=0.2ms
[BS  244.329] CHANGE da gizmo GN: push +0.000→+0.000, h 18.132→17.967
[BS  244.333] RECOMPUTE push=+0.000 h=17.967 faces=8 tris=140 occt=3.8ms (build 2.6, tess 1.3) mesh=0.2ms
[BS  244.344] CHANGE da gizmo GN: push +0.000→+0.000, h 17.967→17.781
[BS  244.348] RECOMPUTE push=+0.000 h=17.781 faces=8 tris=140 occt=3.8ms (build 2.6, tess 1.2) mesh=0.2ms
[BS  244.352] CHANGE da gizmo GN: push +0.000→+0.000, h 17.781→17.732
[BS  244.356] RECOMPUTE push=+0.000 h=17.732 faces=8 tris=140 occt=4.2ms (build 2.9, tess 1.3) mesh=0.2ms
[BS  244.360] CHANGE da gizmo GN: push +0.000→+0.000, h 17.732→17.561
[BS  244.364] RECOMPUTE push=+0.000 h=17.561 faces=8 tris=140 occt=3.8ms (build 2.5, tess 1.2) mesh=0.2ms
[BS  244.367] CHANGE da gizmo GN: push +0.000→+0.000, h 17.561→17.505
[BS  244.371] RECOMPUTE push=+0.000 h=17.505 faces=8 tris=140 occt=4.0ms (build 2.5, tess 1.4) mesh=0.2ms
[BS  244.375] CHANGE da gizmo GN: push +0.000→+0.000, h 17.505→17.398
[BS  244.380] RECOMPUTE push=+0.000 h=17.398 faces=8 tris=140 occt=5.1ms (build 3.8, tess 1.3) mesh=0.2ms
[BS  244.384] CHANGE da gizmo GN: push +0.000→+0.000, h 17.398→17.340
[BS  244.388] RECOMPUTE push=+0.000 h=17.340 faces=8 tris=140 occt=3.9ms (build 2.6, tess 1.3) mesh=0.2ms
[BS  244.392] CHANGE da gizmo GN: push +0.000→+0.000, h 17.340→17.282
[BS  244.396] RECOMPUTE push=+0.000 h=17.282 faces=8 tris=140 occt=3.8ms (build 2.6, tess 1.2) mesh=0.2ms
[BS  244.399] CHANGE da gizmo GN: push +0.000→+0.000, h 17.282→17.110
[BS  244.404] RECOMPUTE push=+0.000 h=17.110 faces=8 tris=140 occt=4.1ms (build 2.5, tess 1.5) mesh=0.2ms
[BS  244.407] CHANGE da gizmo GN: push +0.000→+0.000, h 17.110→17.060
[BS  244.411] RECOMPUTE push=+0.000 h=17.060 faces=8 tris=140 occt=3.8ms (build 2.5, tess 1.3) mesh=0.2ms
[BS  244.415] CHANGE da gizmo GN: push +0.000→+0.000, h 17.060→16.944
[BS  244.419] RECOMPUTE push=+0.000 h=16.944 faces=8 tris=140 occt=3.7ms (build 2.5, tess 1.2) mesh=0.2ms
[BS  244.422] CHANGE da gizmo GN: push +0.000→+0.000, h 16.944→16.888
[BS  244.426] RECOMPUTE push=+0.000 h=16.888 faces=8 tris=140 occt=3.7ms (build 2.4, tess 1.2) mesh=0.2ms
[BS  244.429] CHANGE da gizmo GN: push +0.000→+0.000, h 16.888→16.830
[BS  244.433] RECOMPUTE push=+0.000 h=16.830 faces=8 tris=140 occt=3.6ms (build 2.5, tess 1.2) mesh=0.2ms
[BS  244.436] CHANGE da gizmo GN: push +0.000→+0.000, h 16.830→16.708
[BS  244.440] RECOMPUTE push=+0.000 h=16.708 faces=8 tris=140 occt=3.7ms (build 2.4, tess 1.2) mesh=0.2ms
[BS  244.444] CHANGE da gizmo GN: push +0.000→+0.000, h 16.708→16.592
[BS  244.448] RECOMPUTE push=+0.000 h=16.592 faces=8 tris=140 occt=3.8ms (build 2.6, tess 1.2) mesh=0.2ms
[BS  244.451] CHANGE da gizmo GN: push +0.000→+0.000, h 16.592→16.534
[BS  244.455] RECOMPUTE push=+0.000 h=16.534 faces=8 tris=140 occt=3.7ms (build 2.4, tess 1.3) mesh=0.2ms
[BS  244.458] CHANGE da gizmo GN: push +0.000→+0.000, h 16.534→16.425
[BS  244.463] RECOMPUTE push=+0.000 h=16.425 faces=8 tris=140 occt=3.9ms (build 2.4, tess 1.4) mesh=0.3ms
[BS  244.466] CHANGE da gizmo GN: push +0.000→+0.000, h 16.425→16.369
[BS  244.470] RECOMPUTE push=+0.000 h=16.369 faces=8 tris=140 occt=3.9ms (build 2.6, tess 1.3) mesh=0.2ms
[BS  244.474] CHANGE da gizmo GN: push +0.000→+0.000, h 16.369→16.204
[BS  244.478] RECOMPUTE push=+0.000 h=16.204 faces=8 tris=140 occt=3.9ms (build 2.5, tess 1.3) mesh=0.2ms
[BS  244.482] CHANGE da gizmo GN: push +0.000→+0.000, h 16.204→16.146
[BS  244.486] RECOMPUTE push=+0.000 h=16.146 faces=8 tris=140 occt=3.8ms (build 2.5, tess 1.3) mesh=0.2ms
[BS  244.489] CHANGE da gizmo GN: push +0.000→+0.000, h 16.146→16.088
[BS  244.493] RECOMPUTE push=+0.000 h=16.088 faces=8 tris=140 occt=3.8ms (build 2.4, tess 1.3) mesh=0.2ms
[BS  244.497] CHANGE da gizmo GN: push +0.000→+0.000, h 16.088→16.013
[BS  244.501] RECOMPUTE push=+0.000 h=16.013 faces=8 tris=140 occt=3.8ms (build 2.5, tess 1.3) mesh=0.2ms
[BS  244.504] CHANGE da gizmo GN: push +0.000→+0.000, h 16.013→15.963
[BS  244.508] RECOMPUTE push=+0.000 h=15.963 faces=8 tris=140 occt=3.9ms (build 2.6, tess 1.3) mesh=0.2ms
[BS  244.520] CHANGE da gizmo GN: push +0.000→+0.000, h 15.963→15.906
[BS  244.524] RECOMPUTE push=+0.000 h=15.906 faces=8 tris=140 occt=3.9ms (build 2.7, tess 1.2) mesh=0.2ms
[BS  244.906] CHANGE da gizmo GN: push +0.000→+0.000, h 15.906→15.962
[BS  244.910] RECOMPUTE push=+0.000 h=15.962 faces=8 tris=140 occt=4.0ms (build 2.7, tess 1.3) mesh=0.2ms
[BS  244.914] CHANGE da gizmo GN: push +0.000→+0.000, h 15.962→16.078
[BS  244.918] RECOMPUTE push=+0.000 h=16.078 faces=8 tris=140 occt=3.9ms (build 2.4, tess 1.4) mesh=0.2ms
[BS  244.922] CHANGE da gizmo GN: push +0.000→+0.000, h 16.078→16.186
[BS  244.926] RECOMPUTE push=+0.000 h=16.186 faces=8 tris=140 occt=4.1ms (build 2.6, tess 1.5) mesh=0.2ms
[BS  244.930] CHANGE da gizmo GN: push +0.000→+0.000, h 16.186→16.303
[BS  244.935] RECOMPUTE push=+0.000 h=16.303 faces=8 tris=140 occt=3.9ms (build 2.6, tess 1.3) mesh=0.2ms
[BS  244.938] CHANGE da gizmo GN: push +0.000→+0.000, h 16.303→16.482
[BS  244.943] RECOMPUTE push=+0.000 h=16.482 faces=8 tris=140 occt=4.0ms (build 2.7, tess 1.3) mesh=0.2ms
[BS  244.947] CHANGE da gizmo GN: push +0.000→+0.000, h 16.482→16.712
[BS  244.951] RECOMPUTE push=+0.000 h=16.712 faces=8 tris=140 occt=4.0ms (build 2.7, tess 1.3) mesh=0.2ms
[BS  244.960] CHANGE da gizmo GN: push +0.000→+0.000, h 16.712→17.212
[BS  244.964] RECOMPUTE push=+0.000 h=17.212 faces=8 tris=140 occt=4.2ms (build 2.7, tess 1.5) mesh=0.2ms
[BS  244.968] CHANGE da gizmo GN: push +0.000→+0.000, h 17.212→17.670
[BS  244.972] RECOMPUTE push=+0.000 h=17.670 faces=8 tris=140 occt=3.7ms (build 2.5, tess 1.2) mesh=0.2ms
[BS  244.975] CHANGE da gizmo GN: push +0.000→+0.000, h 17.670→17.953
[BS  244.979] RECOMPUTE push=+0.000 h=17.953 faces=8 tris=140 occt=3.7ms (build 2.4, tess 1.3) mesh=0.2ms
[BS  244.982] CHANGE da gizmo GN: push +0.000→+0.000, h 17.953→18.350
[BS  244.987] RECOMPUTE push=+0.000 h=18.350 faces=8 tris=140 occt=4.0ms (build 2.7, tess 1.3) mesh=0.2ms
[BS  244.990] CHANGE da gizmo GN: push +0.000→+0.000, h 18.350→18.682
[BS  244.994] RECOMPUTE push=+0.000 h=18.682 faces=8 tris=140 occt=3.6ms (build 2.4, tess 1.2) mesh=0.2ms
[BS  244.997] CHANGE da gizmo GN: push +0.000→+0.000, h 18.682→19.124
[BS  245.001] RECOMPUTE push=+0.000 h=19.124 faces=8 tris=140 occt=3.7ms (build 2.4, tess 1.3) mesh=0.2ms
[BS  245.005] CHANGE da gizmo GN: push +0.000→+0.000, h 19.124→19.460
[BS  245.009] RECOMPUTE push=+0.000 h=19.460 faces=8 tris=140 occt=3.7ms (build 2.5, tess 1.2) mesh=0.2ms
[BS  245.012] CHANGE da gizmo GN: push +0.000→+0.000, h 19.460→20.132
[BS  245.018] RECOMPUTE push=+0.000 h=20.132 faces=10 tris=308 occt=5.4ms (build 3.5, tess 1.9) mesh=0.3ms
[BS  245.022] CHANGE da gizmo GN: push +0.000→+0.000, h 20.132→20.514
[BS  245.027] RECOMPUTE push=+0.000 h=20.514 faces=10 tris=308 occt=5.4ms (build 3.5, tess 1.9) mesh=0.3ms
[BS  245.031] CHANGE da gizmo GN: push +0.000→+0.000, h 20.514→20.942
[BS  245.037] RECOMPUTE push=+0.000 h=20.942 faces=10 tris=308 occt=5.3ms (build 3.5, tess 1.9) mesh=0.3ms
[BS  245.040] CHANGE da gizmo GN: push +0.000→+0.000, h 20.942→21.777
[BS  245.046] RECOMPUTE push=+0.000 h=21.777 faces=10 tris=308 occt=5.4ms (build 3.5, tess 1.9) mesh=0.2ms
[BS  245.050] CHANGE da gizmo GN: push +0.000→+0.000, h 21.777→22.152
[BS  245.055] RECOMPUTE push=+0.000 h=22.152 faces=10 tris=308 occt=5.1ms (build 3.3, tess 1.8) mesh=0.3ms
[BS  245.058] CHANGE da gizmo GN: push +0.000→+0.000, h 22.152→22.582
[BS  245.064] RECOMPUTE push=+0.000 h=22.582 faces=10 tris=308 occt=5.3ms (build 3.4, tess 1.9) mesh=0.3ms
[BS  245.068] CHANGE da gizmo GN: push +0.000→+0.000, h 22.582→22.699
[BS  245.074] RECOMPUTE push=+0.000 h=22.699 faces=10 tris=308 occt=6.1ms (build 4.1, tess 2.0) mesh=0.3ms
[BS  245.078] CHANGE da gizmo GN: push +0.000→+0.000, h 22.699→23.226
[BS  245.084] RECOMPUTE push=+0.000 h=23.226 faces=10 tris=308 occt=5.3ms (build 3.4, tess 1.9) mesh=0.3ms
[BS  245.088] CHANGE da gizmo GN: push +0.000→+0.000, h 23.226→23.404
[BS  245.093] RECOMPUTE push=+0.000 h=23.404 faces=10 tris=308 occt=5.3ms (build 3.5, tess 1.8) mesh=0.3ms
[BS  245.097] CHANGE da gizmo GN: push +0.000→+0.000, h 23.404→23.613
[BS  245.103] RECOMPUTE push=+0.000 h=23.613 faces=10 tris=308 occt=5.2ms (build 3.4, tess 1.9) mesh=0.2ms
[BS  245.106] CHANGE da gizmo GN: push +0.000→+0.000, h 23.613→23.721
[BS  245.112] RECOMPUTE push=+0.000 h=23.721 faces=10 tris=308 occt=5.1ms (build 3.3, tess 1.9) mesh=0.3ms
[BS  245.115] CHANGE da gizmo GN: push +0.000→+0.000, h 23.721→23.983
[BS  245.121] RECOMPUTE push=+0.000 h=23.983 faces=10 tris=308 occt=5.2ms (build 3.3, tess 1.9) mesh=0.2ms
[BS  245.124] CHANGE da gizmo GN: push +0.000→+0.000, h 23.983→24.083
[BS  245.130] RECOMPUTE push=+0.000 h=24.083 faces=10 tris=308 occt=5.1ms (build 3.3, tess 1.8) mesh=0.2ms
[BS  245.133] CHANGE da gizmo GN: push +0.000→+0.000, h 24.083→24.137
[BS  245.139] RECOMPUTE push=+0.000 h=24.137 faces=10 tris=308 occt=5.5ms (build 3.5, tess 2.0) mesh=0.3ms
[BS  245.143] CHANGE da gizmo GN: push +0.000→+0.000, h 24.137→24.190
[BS  245.148] RECOMPUTE push=+0.000 h=24.190 faces=10 tris=308 occt=5.2ms (build 3.3, tess 1.9) mesh=0.2ms
[BS  245.152] CHANGE da gizmo GN: push +0.000→+0.000, h 24.190→24.244
[BS  245.157] RECOMPUTE push=+0.000 h=24.244 faces=10 tris=308 occt=5.3ms (build 3.3, tess 2.0) mesh=0.3ms
[BS  245.161] CHANGE da gizmo GN: push +0.000→+0.000, h 24.244→24.359
[BS  245.167] RECOMPUTE push=+0.000 h=24.359 faces=10 tris=308 occt=5.3ms (build 3.4, tess 1.9) mesh=0.3ms
[BS  246.240] CHANGE da gizmo GN: push +0.000→+0.000, h 24.359→24.527
[BS  246.247] RECOMPUTE push=+0.000 h=24.527 faces=10 tris=308 occt=6.4ms (build 3.9, tess 2.5) mesh=0.3ms
[BS  246.259] CHANGE da gizmo GN: push +0.000→+0.000, h 24.527→24.839
[BS  246.265] RECOMPUTE push=+0.000 h=24.839 faces=10 tris=308 occt=5.8ms (build 3.5, tess 2.3) mesh=0.3ms
[BS  246.268] CHANGE da gizmo GN: push +0.000→+0.000, h 24.839→25.044
[BS  246.274] RECOMPUTE push=+0.000 h=25.044 faces=10 tris=308 occt=5.9ms (build 3.8, tess 2.1) mesh=0.2ms
[BS  246.278] CHANGE da gizmo GN: push +0.000→+0.000, h 25.044→25.150
[BS  246.284] RECOMPUTE push=+0.000 h=25.150 faces=10 tris=308 occt=5.4ms (build 3.3, tess 2.1) mesh=0.3ms
[BS  246.288] CHANGE da gizmo GN: push +0.000→+0.000, h 25.150→25.513
[BS  246.293] RECOMPUTE push=+0.000 h=25.513 faces=10 tris=308 occt=5.4ms (build 3.5, tess 1.9) mesh=0.3ms
[BS  246.297] CHANGE da gizmo GN: push +0.000→+0.000, h 25.513→25.732
[BS  246.303] RECOMPUTE push=+0.000 h=25.732 faces=10 tris=308 occt=5.6ms (build 3.5, tess 2.1) mesh=0.4ms
[BS  246.307] CHANGE da gizmo GN: push +0.000→+0.000, h 25.732→25.830
[BS  246.312] RECOMPUTE push=+0.000 h=25.830 faces=10 tris=308 occt=5.0ms (build 3.3, tess 1.8) mesh=0.3ms
[BS  246.315] CHANGE da gizmo GN: push +0.000→+0.000, h 25.830→26.206
[BS  246.321] RECOMPUTE push=+0.000 h=26.206 faces=10 tris=308 occt=5.1ms (build 3.3, tess 1.8) mesh=0.3ms
[BS  246.325] CHANGE da gizmo GN: push +0.000→+0.000, h 26.206→26.303
[BS  246.330] RECOMPUTE push=+0.000 h=26.303 faces=10 tris=308 occt=5.3ms (build 3.5, tess 1.8) mesh=0.3ms
[BS  246.342] CHANGE da gizmo GN: push +0.000→+0.000, h 26.303→26.610
[BS  246.348] RECOMPUTE push=+0.000 h=26.610 faces=10 tris=308 occt=5.2ms (build 3.4, tess 1.8) mesh=0.3ms
[BS  246.351] CHANGE da gizmo GN: push +0.000→+0.000, h 26.610→26.715
[BS  246.357] RECOMPUTE push=+0.000 h=26.715 faces=10 tris=308 occt=5.1ms (build 3.3, tess 1.8) mesh=0.3ms
[BS  246.360] CHANGE da gizmo GN: push +0.000→+0.000, h 26.715→26.820
[BS  246.366] RECOMPUTE push=+0.000 h=26.820 faces=10 tris=308 occt=5.1ms (build 3.4, tess 1.8) mesh=0.2ms
[BS  246.369] CHANGE da gizmo GN: push +0.000→+0.000, h 26.820→26.968
[BS  246.375] RECOMPUTE push=+0.000 h=26.968 faces=10 tris=308 occt=5.3ms (build 3.3, tess 1.9) mesh=0.3ms
[BS  246.379] CHANGE da gizmo GN: push +0.000→+0.000, h 26.968→27.073
[BS  246.384] RECOMPUTE push=+0.000 h=27.073 faces=10 tris=308 occt=5.3ms (build 3.5, tess 1.8) mesh=0.3ms
[BS  246.397] CHANGE da gizmo GN: push +0.000→+0.000, h 27.073→27.184
[BS  246.403] RECOMPUTE push=+0.000 h=27.184 faces=10 tris=308 occt=5.5ms (build 3.7, tess 1.9) mesh=0.3ms
[BS  246.407] CHANGE da gizmo GN: push +0.000→+0.000, h 27.184→27.237
[BS  246.413] RECOMPUTE push=+0.000 h=27.237 faces=10 tris=308 occt=5.4ms (build 3.6, tess 1.9) mesh=0.3ms
[BS  246.425] CHANGE da gizmo GN: push +0.000→+0.000, h 27.237→27.288
[BS  246.431] RECOMPUTE push=+0.000 h=27.288 faces=10 tris=308 occt=5.6ms (build 3.7, tess 1.9) mesh=0.3ms
[BS  246.947] CHANGE da gizmo GN: push +0.000→+0.000, h 27.288→27.192
[BS  246.953] RECOMPUTE push=+0.000 h=27.192 faces=10 tris=308 occt=5.6ms (build 3.5, tess 2.1) mesh=0.3ms
[BS  246.964] CHANGE da gizmo GN: push +0.000→+0.000, h 27.192→27.087
[BS  246.970] RECOMPUTE push=+0.000 h=27.087 faces=10 tris=308 occt=5.7ms (build 3.5, tess 2.2) mesh=0.3ms
[BS  246.974] CHANGE da gizmo GN: push +0.000→+0.000, h 27.087→26.982
[BS  246.980] RECOMPUTE push=+0.000 h=26.982 faces=10 tris=308 occt=5.5ms (build 3.5, tess 2.0) mesh=0.4ms
[BS  246.984] CHANGE da gizmo GN: push +0.000→+0.000, h 26.982→26.780
[BS  246.990] RECOMPUTE push=+0.000 h=26.780 faces=10 tris=308 occt=5.2ms (build 3.3, tess 1.9) mesh=0.2ms
[BS  246.993] CHANGE da gizmo GN: push +0.000→+0.000, h 26.780→26.675
[BS  246.999] RECOMPUTE push=+0.000 h=26.675 faces=10 tris=308 occt=5.4ms (build 3.4, tess 1.9) mesh=0.2ms
[BS  247.003] CHANGE da gizmo GN: push +0.000→+0.000, h 26.675→26.526
[BS  247.008] RECOMPUTE push=+0.000 h=26.526 faces=10 tris=308 occt=5.1ms (build 3.3, tess 1.9) mesh=0.2ms
[BS  247.012] CHANGE da gizmo GN: push +0.000→+0.000, h 26.526→26.405
[BS  247.017] RECOMPUTE push=+0.000 h=26.405 faces=10 tris=308 occt=5.1ms (build 3.3, tess 1.8) mesh=0.2ms
[BS  247.021] CHANGE da gizmo GN: push +0.000→+0.000, h 26.405→26.202
[BS  247.026] RECOMPUTE push=+0.000 h=26.202 faces=10 tris=308 occt=5.3ms (build 3.4, tess 1.9) mesh=0.2ms
[BS  247.029] CHANGE da gizmo GN: push +0.000→+0.000, h 26.202→26.150
[BS  247.035] RECOMPUTE push=+0.000 h=26.150 faces=10 tris=308 occt=5.2ms (build 3.3, tess 2.0) mesh=0.3ms
[BS  247.038] CHANGE da gizmo GN: push +0.000→+0.000, h 26.150→26.097
[BS  247.044] RECOMPUTE push=+0.000 h=26.097 faces=10 tris=308 occt=5.1ms (build 3.3, tess 1.8) mesh=0.2ms
[BS  247.047] CHANGE da gizmo GN: push +0.000→+0.000, h 26.097→25.999
[BS  247.053] RECOMPUTE push=+0.000 h=25.999 faces=10 tris=308 occt=5.3ms (build 3.4, tess 1.8) mesh=0.2ms
[BS  247.056] CHANGE da gizmo GN: push +0.000→+0.000, h 25.999→25.946
[BS  247.062] RECOMPUTE push=+0.000 h=25.946 faces=10 tris=308 occt=5.2ms (build 3.4, tess 1.8) mesh=0.3ms
[BS  247.066] CHANGE da gizmo GN: push +0.000→+0.000, h 25.946→25.893
[BS  247.073] RECOMPUTE push=+0.000 h=25.893 faces=10 tris=308 occt=6.1ms (build 3.8, tess 2.3) mesh=0.3ms
[BS  247.077] CHANGE da gizmo GN: push +0.000→+0.000, h 25.893→25.833
[BS  247.083] RECOMPUTE push=+0.000 h=25.833 faces=10 tris=308 occt=5.7ms (build 3.6, tess 2.1) mesh=0.3ms
[BS  247.088] CHANGE da gizmo GN: push +0.000→+0.000, h 25.833→25.780
[BS  247.093] RECOMPUTE push=+0.000 h=25.780 faces=10 tris=308 occt=5.5ms (build 3.6, tess 1.9) mesh=0.2ms
[BS  247.097] CHANGE da gizmo GN: push +0.000→+0.000, h 25.780→25.727
[BS  247.102] RECOMPUTE push=+0.000 h=25.727 faces=10 tris=308 occt=5.3ms (build 3.3, tess 1.9) mesh=0.2ms
[BS  247.106] CHANGE da gizmo GN: push +0.000→+0.000, h 25.727→25.674
[BS  247.111] RECOMPUTE push=+0.000 h=25.674 faces=10 tris=308 occt=5.2ms (build 3.3, tess 1.9) mesh=0.2ms
[BS  247.115] CHANGE da gizmo GN: push +0.000→+0.000, h 25.674→25.621
[BS  247.120] RECOMPUTE push=+0.000 h=25.621 faces=10 tris=308 occt=5.4ms (build 3.4, tess 1.9) mesh=0.2ms
[BS  247.124] CHANGE da gizmo GN: push +0.000→+0.000, h 25.621→25.621
[BS  247.129] RECOMPUTE push=+0.000 h=25.621 faces=10 tris=308 occt=5.4ms (build 3.4, tess 1.9) mesh=0.2ms
[BS  247.133] CHANGE da gizmo GN: push +0.000→+0.000, h 25.621→25.568
[BS  247.138] RECOMPUTE push=+0.000 h=25.568 faces=10 tris=308 occt=5.0ms (build 3.3, tess 1.8) mesh=0.2ms
[BS  247.149] CHANGE da gizmo GN: push +0.000→+0.000, h 25.568→25.523
[BS  247.155] RECOMPUTE push=+0.000 h=25.523 faces=10 tris=308 occt=5.3ms (build 3.4, tess 1.8) mesh=0.3ms
[BS  247.158] CHANGE da gizmo GN: push +0.000→+0.000, h 25.523→25.470
[BS  247.164] RECOMPUTE push=+0.000 h=25.470 faces=10 tris=308 occt=5.3ms (build 3.3, tess 1.9) mesh=0.2ms
[BS  247.181] CHANGE da gizmo GN: push +0.000→+0.000, h 25.470→25.417
[BS  247.187] RECOMPUTE push=+0.000 h=25.417 faces=10 tris=308 occt=5.5ms (build 3.7, tess 1.8) mesh=0.3ms
[BS  247.190] CHANGE da gizmo GN: push +0.000→+0.000, h 25.417→25.364
[BS  247.196] RECOMPUTE push=+0.000 h=25.364 faces=10 tris=308 occt=5.2ms (build 3.3, tess 1.9) mesh=0.3ms
[BS  247.199] CHANGE da gizmo GN: push +0.000→+0.000, h 25.364→25.310
[BS  247.205] RECOMPUTE push=+0.000 h=25.310 faces=10 tris=308 occt=5.2ms (build 3.4, tess 1.8) mesh=0.2ms
[BS  247.208] CHANGE da gizmo GN: push +0.000→+0.000, h 25.310→25.212
[BS  247.214] RECOMPUTE push=+0.000 h=25.212 faces=10 tris=308 occt=5.3ms (build 3.5, tess 1.9) mesh=0.2ms
[BS  247.217] CHANGE da gizmo GN: push +0.000→+0.000, h 25.212→25.159
[BS  247.223] RECOMPUTE push=+0.000 h=25.159 faces=10 tris=308 occt=5.3ms (build 3.4, tess 1.9) mesh=0.2ms
[BS  247.226] CHANGE da gizmo GN: push +0.000→+0.000, h 25.159→25.105
[BS  247.232] RECOMPUTE push=+0.000 h=25.105 faces=10 tris=308 occt=5.2ms (build 3.3, tess 1.9) mesh=0.3ms
[BS  247.244] CHANGE da gizmo GN: push +0.000→+0.000, h 25.105→25.052
[BS  247.250] RECOMPUTE push=+0.000 h=25.052 faces=10 tris=308 occt=5.5ms (build 3.6, tess 2.0) mesh=0.3ms
[BS  247.254] CHANGE da gizmo GN: push +0.000→+0.000, h 25.052→24.946
[BS  247.260] RECOMPUTE push=+0.000 h=24.946 faces=10 tris=308 occt=5.8ms (build 3.8, tess 2.0) mesh=0.3ms
[BS  247.264] CHANGE da gizmo GN: push +0.000→+0.000, h 24.946→24.847
[BS  247.270] RECOMPUTE push=+0.000 h=24.847 faces=10 tris=308 occt=5.5ms (build 3.6, tess 1.9) mesh=0.3ms
[BS  247.274] CHANGE da gizmo GN: push +0.000→+0.000, h 24.847→24.725
[BS  247.280] RECOMPUTE push=+0.000 h=24.725 faces=10 tris=308 occt=5.5ms (build 3.5, tess 1.9) mesh=0.3ms
[BS  247.284] CHANGE da gizmo GN: push +0.000→+0.000, h 24.725→24.625
[BS  247.290] RECOMPUTE push=+0.000 h=24.625 faces=10 tris=308 occt=5.6ms (build 3.6, tess 1.9) mesh=0.3ms
[BS  247.294] CHANGE da gizmo GN: push +0.000→+0.000, h 24.625→24.465
[BS  247.300] RECOMPUTE push=+0.000 h=24.465 faces=10 tris=308 occt=5.5ms (build 3.7, tess 1.9) mesh=0.3ms
[BS  247.304] CHANGE da gizmo GN: push +0.000→+0.000, h 24.465→24.365
[BS  247.310] RECOMPUTE push=+0.000 h=24.365 faces=10 tris=308 occt=5.4ms (build 3.4, tess 1.9) mesh=0.3ms
[BS  247.314] CHANGE da gizmo GN: push +0.000→+0.000, h 24.365→24.312
[BS  247.320] RECOMPUTE push=+0.000 h=24.312 faces=10 tris=308 occt=5.2ms (build 3.4, tess 1.9) mesh=0.3ms
[BS  247.323] CHANGE da gizmo GN: push +0.000→+0.000, h 24.312→24.205
[BS  247.329] RECOMPUTE push=+0.000 h=24.205 faces=10 tris=308 occt=5.2ms (build 3.3, tess 1.9) mesh=0.3ms
[BS  247.332] CHANGE da gizmo GN: push +0.000→+0.000, h 24.205→24.090
[BS  247.338] RECOMPUTE push=+0.000 h=24.090 faces=10 tris=308 occt=5.2ms (build 3.3, tess 1.9) mesh=0.2ms
[BS  247.342] CHANGE da gizmo GN: push +0.000→+0.000, h 24.090→24.036
[BS  247.347] RECOMPUTE push=+0.000 h=24.036 faces=10 tris=308 occt=5.3ms (build 3.4, tess 1.9) mesh=0.3ms
[BS  247.351] CHANGE da gizmo GN: push +0.000→+0.000, h 24.036→23.928
[BS  247.356] RECOMPUTE push=+0.000 h=23.928 faces=10 tris=308 occt=5.2ms (build 3.3, tess 1.9) mesh=0.2ms
[BS  247.360] CHANGE da gizmo GN: push +0.000→+0.000, h 23.928→23.874
[BS  247.365] RECOMPUTE push=+0.000 h=23.874 faces=10 tris=308 occt=5.2ms (build 3.3, tess 1.9) mesh=0.2ms
[BS  247.369] CHANGE da gizmo GN: push +0.000→+0.000, h 23.874→23.828
[BS  247.374] RECOMPUTE push=+0.000 h=23.828 faces=10 tris=308 occt=5.2ms (build 3.3, tess 1.9) mesh=0.3ms
[BS  247.378] CHANGE da gizmo GN: push +0.000→+0.000, h 23.828→23.721
[BS  247.384] RECOMPUTE push=+0.000 h=23.721 faces=10 tris=308 occt=5.3ms (build 3.4, tess 1.9) mesh=0.3ms
[BS  247.388] CHANGE da gizmo GN: push +0.000→+0.000, h 23.721→23.613
[BS  247.393] RECOMPUTE push=+0.000 h=23.613 faces=10 tris=308 occt=5.2ms (build 3.3, tess 1.9) mesh=0.2ms
[BS  247.404] CHANGE da gizmo GN: push +0.000→+0.000, h 23.613→23.566
[BS  247.410] RECOMPUTE push=+0.000 h=23.566 faces=10 tris=308 occt=5.2ms (build 3.3, tess 1.9) mesh=0.3ms
[BS  247.533] CHANGE da gizmo GN: push +0.000→+0.000, h 23.566→23.613
[BS  247.539] RECOMPUTE push=+0.000 h=23.613 faces=10 tris=308 occt=6.3ms (build 4.0, tess 2.2) mesh=0.3ms
[BS  247.544] CHANGE da gizmo GN: push +0.000→+0.000, h 23.613→23.721
[BS  247.550] RECOMPUTE push=+0.000 h=23.721 faces=10 tris=308 occt=5.5ms (build 3.4, tess 2.1) mesh=0.3ms
[BS  247.554] CHANGE da gizmo GN: push +0.000→+0.000, h 23.721→23.928
[BS  247.559] RECOMPUTE push=+0.000 h=23.928 faces=10 tris=308 occt=5.3ms (build 3.3, tess 1.9) mesh=0.3ms
[BS  247.563] CHANGE da gizmo GN: push +0.000→+0.000, h 23.928→24.090
[BS  247.569] RECOMPUTE push=+0.000 h=24.090 faces=10 tris=308 occt=5.3ms (build 3.4, tess 1.9) mesh=0.3ms
[BS  247.572] CHANGE da gizmo GN: push +0.000→+0.000, h 24.090→24.258
[BS  247.578] RECOMPUTE push=+0.000 h=24.258 faces=10 tris=308 occt=5.5ms (build 3.6, tess 1.9) mesh=0.2ms
[BS  247.581] CHANGE da gizmo GN: push +0.000→+0.000, h 24.258→24.365
[BS  247.587] RECOMPUTE push=+0.000 h=24.365 faces=10 tris=308 occt=5.7ms (build 3.8, tess 1.9) mesh=0.2ms
[BS  247.591] CHANGE da gizmo GN: push +0.000→+0.000, h 24.365→24.625
[BS  247.596] RECOMPUTE push=+0.000 h=24.625 faces=10 tris=308 occt=5.4ms (build 3.5, tess 1.9) mesh=0.2ms
[BS  247.600] CHANGE da gizmo GN: push +0.000→+0.000, h 24.625→24.778
[BS  247.606] RECOMPUTE push=+0.000 h=24.778 faces=10 tris=308 occt=5.6ms (build 3.8, tess 1.8) mesh=0.2ms
[BS  247.610] CHANGE da gizmo GN: push +0.000→+0.000, h 24.778→24.999
[BS  247.615] RECOMPUTE push=+0.000 h=24.999 faces=10 tris=308 occt=5.3ms (build 3.4, tess 1.8) mesh=0.2ms
[BS  247.618] CHANGE da gizmo GN: push +0.000→+0.000, h 24.999→25.105
[BS  247.625] RECOMPUTE push=+0.000 h=25.105 faces=10 tris=308 occt=5.9ms (build 4.0, tess 1.8) mesh=0.2ms
[BS  247.628] CHANGE da gizmo GN: push +0.000→+0.000, h 25.105→25.417
[BS  247.633] RECOMPUTE push=+0.000 h=25.417 faces=10 tris=308 occt=5.1ms (build 3.2, tess 1.8) mesh=0.2ms
[BS  247.637] CHANGE da gizmo GN: push +0.000→+0.000, h 25.417→25.568
[BS  247.642] RECOMPUTE push=+0.000 h=25.568 faces=10 tris=308 occt=5.2ms (build 3.3, tess 1.9) mesh=0.2ms
[BS  247.646] CHANGE da gizmo GN: push +0.000→+0.000, h 25.568→25.674
[BS  247.651] RECOMPUTE push=+0.000 h=25.674 faces=10 tris=308 occt=5.2ms (build 3.3, tess 1.9) mesh=0.2ms
[BS  247.655] CHANGE da gizmo GN: push +0.000→+0.000, h 25.674→25.833
[BS  247.660] RECOMPUTE push=+0.000 h=25.833 faces=10 tris=308 occt=5.4ms (build 3.5, tess 1.9) mesh=0.3ms
[BS  247.664] CHANGE da gizmo GN: push +0.000→+0.000, h 25.833→26.052
[BS  247.669] RECOMPUTE push=+0.000 h=26.052 faces=10 tris=308 occt=5.4ms (build 3.5, tess 1.8) mesh=0.2ms
[BS  247.673] CHANGE da gizmo GN: push +0.000→+0.000, h 26.052→26.202
[BS  247.679] RECOMPUTE push=+0.000 h=26.202 faces=10 tris=308 occt=5.3ms (build 3.4, tess 1.8) mesh=0.3ms
[BS  247.682] CHANGE da gizmo GN: push +0.000→+0.000, h 26.202→26.308
[BS  247.688] RECOMPUTE push=+0.000 h=26.308 faces=10 tris=308 occt=5.4ms (build 3.6, tess 1.8) mesh=0.2ms
[BS  247.691] CHANGE da gizmo GN: push +0.000→+0.000, h 26.308→26.405
[BS  247.696] RECOMPUTE push=+0.000 h=26.405 faces=10 tris=308 occt=5.1ms (build 3.3, tess 1.8) mesh=0.2ms
[BS  247.700] CHANGE da gizmo GN: push +0.000→+0.000, h 26.405→26.526
[BS  247.705] RECOMPUTE push=+0.000 h=26.526 faces=10 tris=308 occt=5.2ms (build 3.3, tess 1.9) mesh=0.2ms
[BS  247.709] CHANGE da gizmo GN: push +0.000→+0.000, h 26.526→26.578
[BS  247.714] RECOMPUTE push=+0.000 h=26.578 faces=10 tris=308 occt=5.1ms (build 3.3, tess 1.8) mesh=0.2ms
[BS  247.717] CHANGE da gizmo GN: push +0.000→+0.000, h 26.578→26.676
[BS  247.723] RECOMPUTE push=+0.000 h=26.676 faces=10 tris=308 occt=5.3ms (build 3.5, tess 1.8) mesh=0.2ms
[BS  247.727] CHANGE da gizmo GN: push +0.000→+0.000, h 26.676→26.885
[BS  247.732] RECOMPUTE push=+0.000 h=26.885 faces=10 tris=308 occt=5.1ms (build 3.3, tess 1.9) mesh=0.3ms
[BS  247.735] CHANGE da gizmo GN: push +0.000→+0.000, h 26.885→26.930
[BS  247.741] RECOMPUTE push=+0.000 h=26.930 faces=10 tris=308 occt=5.1ms (build 3.3, tess 1.9) mesh=0.3ms
[BS  247.744] CHANGE da gizmo GN: push +0.000→+0.000, h 26.930→26.982
[BS  247.750] RECOMPUTE push=+0.000 h=26.982 faces=10 tris=308 occt=5.2ms (build 3.4, tess 1.9) mesh=0.2ms
[BS  247.753] CHANGE da gizmo GN: push +0.000→+0.000, h 26.982→27.087
[BS  247.759] RECOMPUTE push=+0.000 h=27.087 faces=10 tris=308 occt=5.1ms (build 3.3, tess 1.8) mesh=0.2ms
[BS  247.762] CHANGE da gizmo GN: push +0.000→+0.000, h 27.087→27.139
[BS  247.768] RECOMPUTE push=+0.000 h=27.139 faces=10 tris=308 occt=5.1ms (build 3.3, tess 1.8) mesh=0.2ms
[BS  247.771] CHANGE da gizmo GN: push +0.000→+0.000, h 27.139→27.341
[BS  247.776] RECOMPUTE push=+0.000 h=27.341 faces=10 tris=308 occt=5.2ms (build 3.3, tess 1.8) mesh=0.2ms
[BS  247.780] CHANGE da gizmo GN: push +0.000→+0.000, h 27.341→27.445
[BS  247.785] RECOMPUTE push=+0.000 h=27.445 faces=10 tris=308 occt=5.3ms (build 3.4, tess 1.9) mesh=0.2ms
[BS  247.789] CHANGE da gizmo GN: push +0.000→+0.000, h 27.445→27.505
[BS  247.794] RECOMPUTE push=+0.000 h=27.505 faces=10 tris=308 occt=5.1ms (build 3.3, tess 1.8) mesh=0.2ms
[BS  247.797] CHANGE da gizmo GN: push +0.000→+0.000, h 27.505→27.556
[BS  247.803] RECOMPUTE push=+0.000 h=27.556 faces=10 tris=308 occt=5.2ms (build 3.3, tess 1.8) mesh=0.2ms
[BS  247.807] CHANGE da gizmo GN: push +0.000→+0.000, h 27.556→27.660
[BS  247.812] RECOMPUTE push=+0.000 h=27.660 faces=10 tris=308 occt=5.2ms (build 3.4, tess 1.9) mesh=0.2ms
[BS  247.816] CHANGE da gizmo GN: push +0.000→+0.000, h 27.660→27.809
[BS  247.821] RECOMPUTE push=+0.000 h=27.809 faces=10 tris=308 occt=5.2ms (build 3.3, tess 1.9) mesh=0.2ms
[BS  247.825] CHANGE da gizmo GN: push +0.000→+0.000, h 27.809→27.861
[BS  247.830] RECOMPUTE push=+0.000 h=27.861 faces=10 tris=308 occt=5.1ms (build 3.2, tess 1.8) mesh=0.2ms
[BS  247.833] CHANGE da gizmo GN: push +0.000→+0.000, h 27.861→27.964
[BS  247.839] RECOMPUTE push=+0.000 h=27.964 faces=10 tris=308 occt=5.2ms (build 3.4, tess 1.8) mesh=0.2ms
[BS  247.842] CHANGE da gizmo GN: push +0.000→+0.000, h 27.964→28.009
[BS  247.848] RECOMPUTE push=+0.000 h=28.009 faces=10 tris=308 occt=5.1ms (build 3.3, tess 1.8) mesh=0.3ms
[BS  247.851] CHANGE da gizmo GN: push +0.000→+0.000, h 28.009→28.179
[BS  247.857] RECOMPUTE push=+0.000 h=28.179 faces=10 tris=308 occt=5.7ms (build 3.8, tess 1.9) mesh=0.3ms
[BS  247.861] CHANGE da gizmo GN: push +0.000→+0.000, h 28.179→28.327
[BS  247.867] RECOMPUTE push=+0.000 h=28.327 faces=10 tris=308 occt=5.3ms (build 3.4, tess 1.9) mesh=0.3ms
[BS  247.870] CHANGE da gizmo GN: push +0.000→+0.000, h 28.327→28.379
[BS  247.876] RECOMPUTE push=+0.000 h=28.379 faces=10 tris=308 occt=5.2ms (build 3.3, tess 1.9) mesh=0.2ms
[BS  247.879] CHANGE da gizmo GN: push +0.000→+0.000, h 28.379→28.482
[BS  247.885] RECOMPUTE push=+0.000 h=28.482 faces=10 tris=308 occt=5.2ms (build 3.4, tess 1.8) mesh=0.2ms
[BS  247.888] CHANGE da gizmo GN: push +0.000→+0.000, h 28.482→28.577
[BS  247.894] RECOMPUTE push=+0.000 h=28.577 faces=10 tris=308 occt=5.1ms (build 3.3, tess 1.9) mesh=0.3ms
[BS  247.898] CHANGE da gizmo GN: push +0.000→+0.000, h 28.577→28.731
[BS  247.903] RECOMPUTE push=+0.000 h=28.731 faces=10 tris=308 occt=5.5ms (build 3.5, tess 1.9) mesh=0.3ms
[BS  247.907] CHANGE da gizmo GN: push +0.000→+0.000, h 28.731→28.879
[BS  247.913] RECOMPUTE push=+0.000 h=28.879 faces=10 tris=308 occt=5.2ms (build 3.4, tess 1.8) mesh=0.2ms
[BS  247.916] CHANGE da gizmo GN: push +0.000→+0.000, h 28.879→28.931
[BS  247.921] RECOMPUTE push=+0.000 h=28.931 faces=10 tris=308 occt=5.1ms (build 3.3, tess 1.8) mesh=0.2ms
[BS  247.925] CHANGE da gizmo GN: push +0.000→+0.000, h 28.931→29.033
[BS  247.930] RECOMPUTE push=+0.000 h=29.033 faces=10 tris=308 occt=5.3ms (build 3.4, tess 1.9) mesh=0.3ms
[BS  247.934] CHANGE da gizmo GN: push +0.000→+0.000, h 29.033→29.194
[BS  247.939] RECOMPUTE push=+0.000 h=29.194 faces=10 tris=308 occt=5.1ms (build 3.3, tess 1.9) mesh=0.2ms
[BS  247.943] CHANGE da gizmo GN: push +0.000→+0.000, h 29.194→29.442
[BS  247.949] RECOMPUTE push=+0.000 h=29.442 faces=10 tris=308 occt=5.4ms (build 3.4, tess 2.0) mesh=0.2ms
[BS  247.953] CHANGE da gizmo GN: push +0.000→+0.000, h 29.442→29.640
[BS  247.959] RECOMPUTE push=+0.000 h=29.640 faces=10 tris=308 occt=5.4ms (build 3.4, tess 2.0) mesh=0.3ms
[BS  247.962] CHANGE da gizmo GN: push +0.000→+0.000, h 29.640→29.808
[BS  247.968] RECOMPUTE push=+0.000 h=29.808 faces=10 tris=308 occt=5.3ms (build 3.5, tess 1.9) mesh=0.3ms
[BS  247.971] CHANGE da gizmo GN: push +0.000→+0.000, h 29.808→30.003
[BS  247.977] RECOMPUTE push=+0.000 h=30.003 faces=10 tris=308 occt=5.3ms (build 3.4, tess 1.9) mesh=0.3ms
[BS  247.981] CHANGE da gizmo GN: push +0.000→+0.000, h 30.003→30.352
[BS  247.986] RECOMPUTE push=+0.000 h=30.352 faces=10 tris=308 occt=5.3ms (build 3.4, tess 1.9) mesh=0.2ms
[BS  247.990] CHANGE da gizmo GN: push +0.000→+0.000, h 30.352→30.497
[BS  247.995] RECOMPUTE push=+0.000 h=30.497 faces=10 tris=308 occt=5.1ms (build 3.3, tess 1.8) mesh=0.2ms
[BS  247.999] CHANGE da gizmo GN: push +0.000→+0.000, h 30.497→30.707
[BS  248.004] RECOMPUTE push=+0.000 h=30.707 faces=10 tris=308 occt=5.3ms (build 3.4, tess 1.9) mesh=0.2ms
[BS  248.008] CHANGE da gizmo GN: push +0.000→+0.000, h 30.707→30.857
[BS  248.013] RECOMPUTE push=+0.000 h=30.857 faces=10 tris=308 occt=5.1ms (build 3.3, tess 1.8) mesh=0.2ms
[BS  248.017] CHANGE da gizmo GN: push +0.000→+0.000, h 30.857→31.002
[BS  248.022] RECOMPUTE push=+0.000 h=31.002 faces=10 tris=308 occt=5.2ms (build 3.3, tess 1.9) mesh=0.2ms
[BS  248.025] CHANGE da gizmo GN: push +0.000→+0.000, h 31.002→31.310
[BS  248.031] RECOMPUTE push=+0.000 h=31.310 faces=10 tris=308 occt=5.2ms (build 3.3, tess 1.9) mesh=0.3ms
[BS  248.034] CHANGE da gizmo GN: push +0.000→+0.000, h 31.310→31.455
[BS  248.040] RECOMPUTE push=+0.000 h=31.455 faces=10 tris=308 occt=5.2ms (build 3.4, tess 1.9) mesh=0.2ms
[BS  248.051] CHANGE da gizmo GN: push +0.000→+0.000, h 31.455→31.697
[BS  248.057] RECOMPUTE push=+0.000 h=31.697 faces=10 tris=308 occt=5.3ms (build 3.4, tess 1.9) mesh=0.3ms
[BS  248.060] CHANGE da gizmo GN: push +0.000→+0.000, h 31.697→31.797
[BS  248.066] RECOMPUTE push=+0.000 h=31.797 faces=10 tris=308 occt=5.2ms (build 3.4, tess 1.9) mesh=0.2ms
[BS  248.069] CHANGE da gizmo GN: push +0.000→+0.000, h 31.797→31.898
[BS  248.075] RECOMPUTE push=+0.000 h=31.898 faces=10 tris=308 occt=5.4ms (build 3.6, tess 1.8) mesh=0.2ms
[BS  248.079] CHANGE da gizmo GN: push +0.000→+0.000, h 31.898→31.990
[BS  248.084] RECOMPUTE push=+0.000 h=31.990 faces=10 tris=308 occt=5.4ms (build 3.5, tess 1.9) mesh=0.2ms
[BS  248.088] CHANGE da gizmo GN: push +0.000→+0.000, h 31.990→32.091
[BS  248.093] RECOMPUTE push=+0.000 h=32.091 faces=10 tris=308 occt=5.1ms (build 3.2, tess 1.9) mesh=0.2ms
[BS  248.110] CHANGE da gizmo GN: push +0.000→+0.000, h 32.091→32.139
[BS  248.116] RECOMPUTE push=+0.000 h=32.139 faces=10 tris=308 occt=5.4ms (build 3.6, tess 1.8) mesh=0.2ms
[BS  248.133] CHANGE da gizmo GN: push +0.000→+0.000, h 32.139→32.190
[BS  248.139] RECOMPUTE push=+0.000 h=32.190 faces=10 tris=308 occt=5.4ms (build 3.4, tess 2.0) mesh=0.3ms
[BS  253.507] UNDO_PRE : applied push=+0.000 h=32.190 | proxy push=+0.000 GN h=32.190 | mesh vol=25264.9 expected=25271.3 | mesh↔params OK | controls↔params OK
[BS  253.514] UNDO_POST: applied push=+0.000 h=27.288 | proxy push=+0.000 GN h=27.288 | mesh vol=24712.6 expected=24717.0 | mesh↔params OK | controls↔params OK
[BS  253.807] UNDO_PRE : applied push=+0.000 h=27.288 | proxy push=+0.000 GN h=27.288 | mesh vol=24712.6 expected=24717.0 | mesh↔params OK | controls↔params OK
[BS  253.814] UNDO_POST: applied push=+0.000 h=24.244 | proxy push=+0.000 GN h=24.359 | mesh vol=24369.6 expected=24372.7 | mesh↔params OK | controls↔params MISMATCH (handler ricalcolerà)
[BS  253.814] CHANGE da gizmo GN: push +0.000→+0.000, h 24.244→24.359
[BS  253.820] RECOMPUTE push=+0.000 h=24.359 faces=10 tris=308 occt=5.6ms (build 3.6, tess 2.0) mesh=0.3ms
[BS  254.121] UNDO_PRE : applied push=+0.000 h=24.359 | proxy push=+0.000 GN h=24.359 | mesh vol=24382.5 expected=24385.7 | mesh↔params OK | controls↔params OK
[BS  254.127] UNDO_POST: applied push=+0.000 h=15.963 | proxy push=+0.000 GN h=15.906 | mesh vol=23891.4 expected=23892.7 | mesh↔params OK | controls↔params MISMATCH (handler ricalcolerà)
[BS  254.127] CHANGE da gizmo GN: push +0.000→+0.000, h 15.963→15.906
[BS  254.131] RECOMPUTE push=+0.000 h=15.906 faces=8 tris=140 occt=3.7ms (build 2.3, tess 1.4) mesh=0.2ms
[BS  254.530] UNDO_PRE : applied push=+0.000 h=15.906 | proxy push=+0.000 GN h=15.906 | mesh vol=23891.4 expected=23892.7 | mesh↔params OK | controls↔params OK
[BS  254.537] UNDO_POST: applied push=+0.000 h=20.535 | proxy push=+0.000 GN h=20.480 | mesh vol=23951.7 expected=23953.2 | mesh↔params OK | controls↔params MISMATCH (handler ricalcolerà)
[BS  254.537] CHANGE da gizmo GN: push +0.000→+0.000, h 20.535→20.480
[BS  254.543] RECOMPUTE push=+0.000 h=20.480 faces=10 tris=308 occt=5.2ms (build 3.2, tess 2.0) mesh=0.3ms
[BS  254.885] UNDO_PRE : applied push=+0.000 h=20.480 | proxy push=+0.000 GN h=20.480 | mesh vol=23945.4 expected=23946.9 | mesh↔params OK | controls↔params OK
[BS  254.892] UNDO_POST: applied push=+0.000 h=29.717 | proxy push=+0.000 GN h=29.717 | mesh vol=24986.3 expected=24991.7 | mesh↔params OK | controls↔params OK
[BS  255.404] UNDO_PRE : applied push=+0.000 h=29.717 | proxy push=+0.000 GN h=29.717 | mesh vol=24986.3 expected=24991.7 | mesh↔params OK | controls↔params OK
[BS  255.411] UNDO_POST: applied push=+0.000 h=25.000 | proxy push=+0.000 GN h=25.000 | mesh vol=24454.7 expected=24458.2 | mesh↔params OK | controls↔params OK
04:29.047  blend            | Saved session recovery to "C:\Users\Tony\AppData\Local\Temp\quit.blend"

Blender quit
